rank,fit,score,company,title,url,source,location,fit_reason,job_market,seniority,stack_signals,published_at,report_group
1,Excelente,100,Riverside,Senior Full Stack Engineer,<https://himalayas.app/companies/riverside/jobs/senior-full-stack-engineer>,himalayas,Remote / Brazil,Brazil-based or Remote Brazil,brazil,Senior,aws; javascript; typescript; nestjs; reactjs; node; distributed systems; architecture; platform; backend; frontend; api; go; java,2026-05-15T19:44:27.000Z,senior
2,Excelente,100,ASRC Federal,Senior DevSecOps Engineer,<https://himalayas.app/companies/asrc-federal/jobs/senior-devsecops-engineer>,himalayas,Remote,Brazil-friendly remote,brazil_friendly,Senior,typescript; docker; azure; kubernetes; architecture; cloud; platform; go,2026-05-12T04:18:10.000Z,devops
3,Excelente,100,Med-Metrix,Senior Software Engineer - Remote,<https://himalayas.app/companies/med-metrix/jobs/senior-software-engineer-remote-1075478450>,himalayas,Remote,Brazil-friendly remote,brazil_friendly,Senior,aws; javascript; typescript; node; docker; html-css; gcp; azure; architecture; cloud; frontend; api; go,2026-05-01T08:10:43.000Z,senior
4,Excelente,100,CI&T,"[29314] Sênior DESENVOLVEDOR FULLSTACK ANGULAR/JAVA, Brasil",<https://himalayas.app/companies/ci-t/jobs/29314-senior-desenvolvedor-fullstack-angular-java-brasil>,himalayas,Remote / Brazil,Brazil-based or Remote Brazil,brazil,Senior,javascript; typescript; reactjs; node; platform; java,2026-05-13T06:31:04.000Z,senior
5,Excelente,100,Sigma Software,Senior/Principal Full Stack Developer (Python + JavaScript/Typescript),<https://himalayas.app/companies/sigma-software-e561c036-16e4-4b2c-aa28-a33af9f3750b/jobs/senior-principal-full-stack-developer-python-javascript-typescript>,himalayas,Remote / Brazil,Brazil-based or Remote Brazil,brazil,Principal,aws; javascript; typescript; microservices; gcp; azure; architecture; cloud; platform; backend; frontend; api; python; java,2026-05-01T21:20:47.000Z,staff
6,Excelente,100,Pavago,Software Engineer - Go Specialist,<https://himalayas.app/companies/pavago/jobs/software-engineer-go-specialist-4532371793>,himalayas,Remote / Brazil,Brazil-based or Remote Brazil,brazil,Pleno,aws; typescript; postgres; gcp; azure; distributed systems; cloud; platform; backend; api; go; python; java,2026-05-15T05:39:07.000Z,pleno
7,Excelente,100,AE Digital,Desenvolvedor(a) Backend Node.js Sênior,<https://www.programathor.com.br/jobs/33452-desenvolvedor-a-backend-node-js-senior>,browser_mcp,Remoto,Brazil-based or Remote Brazil,brazil,Senior,javascript; node; backend,,senior
8,Excelente,100,Tractian,Staff Backend Software Engineer,<https://himalayas.app/companies/tractian/jobs/staff-backend-software-engineer>,himalayas,Remote / Brazil,Brazil-based or Remote Brazil,brazil,Staff,typescript; node; microservices; distributed systems; architecture; platform; backend; api; go; python,2026-05-04T20:32:11.000Z,staff
9,Excelente,100,Addvisor Consulting (VSG Consultoria Empresarial Ltda),Arquiteto(a) de Soluções Sênior,<https://programathor.com.br/jobs/33517-arquiteto-a-de-solucoes-senior>,programathor,Remoto,Brazil-based or Remote Brazil,brazil,Architect,docker; azure; api,,arq
10,Excelente,100,Motorola Solutions,Senior Software Engineer Full-Stack Typescript/NodeJS,<https://himalayas.app/companies/motorola-solutions/jobs/senior-software-engineer-full-stack-typescript-nodejs>,himalayas,Remote / Brazil,Brazil-based or Remote Brazil,brazil,Senior,aws; javascript; typescript; reactjs; node; microservices; micro-frontends; scrum; gcp; azure; architecture; cloud; platform; backend; frontend; api; go; java,2026-05-11T20:31:48.000Z,senior
11,Excelente,100,CI&T,"[Job - 29276] Senior Mobile Developer (React Native) - , Brazil",<https://himalayas.app/companies/ci-t/jobs/job-29276-senior-mobile-developer-react-native-brazil>,himalayas,Remote / Brazil,Brazil-based or Remote Brazil,brazil,Senior,typescript; reactjs; react-native; microservices; scrum; architecture; cloud; backend; api; go,2026-05-13T14:12:06.000Z,senior
12,Excelente,100,Truelogic,Senior Full-stack Engineer (React/Node) (Backend-Focused) - Real Estate - Brazi,<https://himalayas.app/companies/truelogic-io/jobs/senior-full-stack-engineer-react-node-backend-focused-real-estate-brazi>,himalayas,Remote / Brazil,Brazil-based or Remote Brazil,brazil,Senior,javascript; typescript; reactjs; node; postgres; distributed systems; architecture; platform; backend,2026-05-12T20:12:35.000Z,senior
13,Excelente,100,CI&T,"[Job-29285] Mid-Level Fullstack Developer, Brazil (Mulheres)",<https://himalayas.app/companies/ci-t/jobs/job-29285-mid-level-fullstack-developer-brazil-mulheres>,himalayas,Remote / Brazil,Brazil-based or Remote Brazil,brazil,Pleno,javascript; typescript; reactjs; node; postgres; platform; backend; api; go; java,2026-05-12T22:29:29.000Z,pleno
14,Excelente,100,CI&T,"[Job-29256] Senior/Specialist AWS DevOps Engineer, Brazil",<https://himalayas.app/companies/ci-t/jobs/job-29256-senior-specialist-aws-devops-engineer-brazil>,himalayas,Remote / Brazil,Brazil-based or Remote Brazil,brazil,Senior,aws; terraform; typescript; cloud; platform,2026-05-08T13:39:01.000Z,devops
15,Excelente,100,Truelogic,Senior Full-stack Engineer (React/Node/TypeScript) - Technology,<https://himalayas.app/companies/truelogic-io/jobs/senior-full-stack-engineer-react-node-typescript-technology-6889531438>,himalayas,Remote / Brazil,Brazil-based or Remote Brazil,brazil,Senior,javascript; typescript; reactjs; node; cloud; go; python; java,2026-05-12T12:52:44.000Z,senior
16,Excelente,98,GigaBrands,AI Full Stack Engineer - KS001,<https://himalayas.app/companies/gigabrands/jobs/ai-full-stack-engineer-ks001-7666447392>,himalayas,Remote / Brazil,Brazil-based or Remote Brazil,brazil,Pleno,javascript; typescript; reactjs; node; postgres; api,2026-05-01T20:36:07.000Z,pleno
17,Excelente,100,Bullpen Talent,Fractional Senior Full Stack Engineer (Stabilization / AI-Generated Code),<https://himalayas.app/companies/bullpen-talent/jobs/fractional-senior-full-stack-engineer-stabilization-ai-generated-code>,himalayas,Remote / Brazil,Brazil-based or Remote Brazil,brazil,Senior,javascript; typescript; reactjs; node,2026-05-01T13:55:07.000Z,senior
18,Excelente,100,CI&T,"[Job-29286] Senior Fullstack Developer, Brazil",<https://himalayas.app/companies/ci-t/jobs/job-29286-senior-fullstack-developer-brazil>,himalayas,Remote / Brazil,Brazil-based or Remote Brazil,brazil,Senior,aws; javascript; typescript; reactjs; node; postgres; redis; gcp; azure; kubernetes; architecture; cloud; platform; api; go; java,2026-05-12T06:47:40.000Z,senior
19,Excelente,100,CI&T,"[Job - 29172] Mid Level/ Senior Backend Developer Java , Brasil (Exclusiva p/ p",<https://himalayas.app/companies/ci-t/jobs/job-29172-mid-level-senior-backend-developer-java-brasil-exclusiva-p-p>,himalayas,Remote / Brazil,Brazil-based or Remote Brazil,brazil,Senior,aws; typescript; node; microservices; architecture; cloud; platform; backend; api; go; java,2026-05-14T05:00:56.000Z,senior
20,Excelente,100,Launch Potato,Lead Data Engineer,<https://himalayas.app/companies/launch-potato/jobs/lead-data-engineer-1417398351>,himalayas,Remote / Brazil,Brazil-based or Remote Brazil,brazil,Lead,aws; typescript; express; docker; distributed systems; cloud; backend; api; python,2026-05-08T04:32:54.000Z,senior
21,Excelente,100,Brandwatch,Staff DevOps Engineer,<https://himalayas.app/companies/brandwatch/jobs/staff-devops-engineer-491565776>,himalayas,"Remote / Brazil, Mexico",Brazil-friendly remote,brazil_friendly,Staff,aws; terraform; typescript; express; postgres; redis; docker; gcp; kubernetes; distributed systems; cloud; platform; api; go,2026-05-13T06:26:23.000Z,devops
22,Excelente,100,Sezzle,Software Engineer II (Brazil),<https://himalayas.app/companies/sezzle/jobs/software-engineer-ii-brazil>,himalayas,Remote / Brazil,Brazil-based or Remote Brazil,brazil,Pleno,aws; typescript; reactjs; react-native; postgres; kubernetes; architecture; cloud; platform; backend; frontend; api; go; python,2026-05-02T20:31:19.000Z,pleno
23,Excelente,100,Bosch Group,MID LEVEL FULLSTACK DEVELOPER (.NET/ANGULAR) (34525),<https://himalayas.app/companies/bosch-group/jobs/mid-level-fullstack-developer-net-angular-34525>,himalayas,Remote / Brazil,Brazil-based or Remote Brazil,brazil,Pleno,javascript; typescript; docker; microservices; html-css; scrum; azure; kubernetes; architecture; platform; backend; frontend; api; go; java,2026-05-14T16:50:07.000Z,pleno
24,Excelente,100,CI&T,[Job 29283] SR Python Backend Developer Backend Python Sr,<https://himalayas.app/companies/ci-t/jobs/job-29283-sr-python-backend-developer-backend-python-sr>,himalayas,Remote / Brazil,Brazil-based or Remote Brazil,brazil,Senior,typescript; redis; docker; kubernetes; architecture; platform; backend; api; go; python,2026-05-12T19:20:17.000Z,senior
25,Excelente,100,CI&T,"[Job - 29253] Senior Data Developer (AWS), Brazil",<https://himalayas.app/companies/ci-t/jobs/job-29253-senior-data-developer-aws-brazil>,himalayas,Remote / Brazil,Brazil-based or Remote Brazil,brazil,Senior,aws; typescript; cloud; platform; api; python,2026-05-13T07:47:36.000Z,senior
26,Excelente,100,Premera Blue Cross,"Solution Architect, AI & Automation",<https://himalayas.app/companies/premera-blue-cross/jobs/solution-architect-ai-automation>,himalayas,Remote,Brazil-friendly remote,brazil_friendly,Architect,javascript; typescript; microservices; architecture; cloud; platform; api; go; python; java,2026-05-02T20:31:14.000Z,arq
27,Excelente,99,Toptal,Senior Backend Engineer,<https://himalayas.app/companies/toptal/jobs/senior-backend-engineer>,himalayas,Remote,Brazil-friendly remote,brazil_friendly,Senior,javascript; typescript; reactjs; node; graphql; platform; backend; api; java,2026-05-07T12:05:52.000Z,senior
28,Excelente,100,Daniel J Edelman Holdings,Full Stack Developer,<https://himalayas.app/companies/daniel-j-edelman-holdings/jobs/full-stack-developer>,himalayas,Remote / Brazil,Brazil-based or Remote Brazil,brazil,Pleno,aws; typescript; reactjs; docker; html-css; scrum; architecture; cloud; backend; frontend; api; go; python,2026-05-14T15:54:45.000Z,pleno
29,Excelente,100,Niuro,Senior RoR Engineer (Platform Reliability),<https://www.getonbrd.com/jobs/senior-ror-engineer-platform-reliability-niuro-remote>,getonboard,"Remote / Mexico, Central America, South America",LATAM remote,latam,Senior,aws; typescript; postgres; redis; architecture; platform; backend; api; monolith,2026-05-15T00:40:05.000Z,senior
30,Excelente,100,CI&T,[Job - 29325] Desenvolvedor Fullstack Pleno (Java e Angular),<https://himalayas.app/companies/ci-t/jobs/job-29325-desenvolvedor-fullstack-pleno-java-e-angular>,himalayas,Remote / Brazil,Brazil-based or Remote Brazil,brazil,Pleno,javascript; typescript; reactjs; scrum; platform; frontend; api; java,2026-05-13T09:58:24.000Z,pleno
31,Excelente,97,"ImmunityBio, Inc.","Senior Software Engineer, AI",<https://himalayas.app/companies/immunitybio-inc/jobs/senior-software-engineer-ai>,himalayas,Remote,Brazil-friendly remote,brazil_friendly,Senior,typescript; express; docker; architecture; platform; backend; api; go; python,2026-05-07T12:28:04.000Z,senior
32,Excelente,100,WatchGuard,Staff Software Engineer,<https://himalayas.app/companies/watchguard/jobs/staff-software-engineer>,himalayas,Remote / Brazil,Brazil-based or Remote Brazil,brazil,Staff,aws; terraform; typescript; postgres; microservices; scrum; cloud; backend; frontend; python,2026-05-05T00:59:34.000Z,staff
33,Excelente,100,Truelogic,Senior Full-Stack Engineer (Node + React) - Fintech SaaS | Brazil,<https://himalayas.app/companies/truelogic-io/jobs/senior-full-stack-engineer-node-react-fintech-saas-brazil>,himalayas,Remote / Brazil,Brazil-based or Remote Brazil,brazil,Senior,aws; terraform; javascript; typescript; reactjs; node; scrum; kubernetes; cloud; backend; frontend,2026-05-12T10:19:17.000Z,senior
34,Excelente,100,Space Inch,Senior Full Stack Developer w. CRM familiarity - LATAM,<https://himalayas.app/companies/space-inch/jobs/senior-full-stack-developer-w-crm-familiarity-latam>,himalayas,Remote / Brazil,Brazil-based or Remote Brazil,brazil,Senior,javascript; typescript; architecture; platform; backend; frontend; api; go; java,2026-05-03T10:17:10.000Z,senior
35,Excelente,100,Mozilla,Staff Security Engineer,<https://himalayas.app/companies/mozilla/jobs/staff-security-engineer-2801264414>,himalayas,Remote,Brazil-friendly remote,brazil_friendly,Staff,aws; typescript; express; redis; gcp; azure; cloud; platform; api; go,2026-05-06T20:32:10.000Z,staff
36,Excelente,100,Melhor Plano,Engenheiro(a) de Dados Pleno,<https://programathor.com.br/jobs/33500-engenheiro-a-de-dados-pleno>,programathor,Remoto,Brazil-based or Remote Brazil,brazil,Pleno,aws; javascript; python; java,,pleno
37,Excelente,100,PSW DIGITAL,Desenvolvedor(a) Fullstack Sênior,<https://programathor.com.br/jobs/33475-desenvolvedor-a-fullstack-senior>,programathor,Remoto,Brazil-based or Remote Brazil,brazil,Senior,javascript; typescript; nestjs; node,,senior
38,Excelente,100,Matricial Capital,PROGRAMADOR(a) SÊNIOR - C# (.NET) e Python - Remoto,<https://programathor.com.br/jobs/33481-programador-a-senior-c-net-e-python-remoto>,programathor,Remoto,Brazil-based or Remote Brazil,brazil,Senior,javascript; reactjs; api; python; java,,senior
39,Excelente,100,Mindera,Senior .Net Software Engineer,<https://himalayas.app/companies/mindera/jobs/senior-net-software-engineer-4814535745>,himalayas,Remote / Brazil,Brazil-based or Remote Brazil,brazil,Senior,aws; terraform; typescript; redis; scrum; kubernetes; distributed systems; architecture; cloud; backend; go; python,2026-05-09T13:39:03.000Z,senior
40,Excelente,100,Digital Forms,Senior Solution Architect (Azure),<https://himalayas.app/companies/digitalforms/jobs/senior-solution-architect-azure>,himalayas,Remote,Brazil-friendly remote,brazil_friendly,Architect,terraform; javascript; typescript; reactjs; react-native; node; azure; architecture; cloud; platform; backend; frontend; api; go,2026-05-04T05:29:25.000Z,arq
41,Excelente,99,Centrum-ai,Senior Frontend Engineer (Svelte),<https://himalayas.app/companies/centrum-ai/jobs/senior-frontend-engineer-svelte>,himalayas,Remote,Brazil-friendly remote,brazil_friendly,Senior,typescript; reactjs; architecture; platform; backend; frontend; api; go,2026-05-12T20:31:37.000Z,senior
42,Excelente,97,Mashgin,"Software Engineer, Full-Stack",<https://himalayas.app/companies/mashgin/jobs/software-engineer-full-stack>,himalayas,Remote / Brazil,Brazil-based or Remote Brazil,brazil,Pleno,javascript; typescript; node; architecture; cloud; backend; api; go; python; java,2026-05-11T20:31:37.000Z,pleno
43,Excelente,100,Twilio,Partner Solutions Architect,<https://himalayas.app/companies/twilio/jobs/partner-solutions-architect-9551251965>,himalayas,Remote / Brazil,Brazil-based or Remote Brazil,brazil,Architect,typescript; express; architecture; platform; api,2026-05-05T20:32:27.000Z,arq
44,Excelente,100,Fortis Games,Sr. Software Engineer (Automation tools),<https://himalayas.app/companies/fortis-games/jobs/sr-software-engineer-automation-tools-4642653665>,himalayas,Remote / Brazil,Brazil-based or Remote Brazil,brazil,Senior,aws; typescript; express; cloud; platform; python,2026-05-12T11:41:30.000Z,senior
45,Excelente,100,99x Brazil (formerly Nextly),AI Senior Product Engineer (Angular/Node.js),<https://himalayas.app/companies/99x-brazil-formerly-nextly/jobs/ai-senior-product-engineer-angular-node-js>,himalayas,Remote / Brazil,Brazil-based or Remote Brazil,brazil,Senior,javascript; typescript; node; distributed systems; architecture; cloud; platform; backend; frontend; api,2026-05-13T17:20:43.000Z,senior
46,Excelente,100,Think Diffusion,Desenvolvedor(a) Back-End Sênior | Node.js NOVA,<https://www.programathor.com.br/jobs/33510-desenvolvedor-a-back-end-senior-node-js>,browser_mcp,Remoto,Brazil-based or Remote Brazil,brazil,Senior,javascript; node; backend,,senior
47,Excelente,100,Sigma Software,Junior Full Stack Engineer (Python-focused),<https://himalayas.app/companies/sigma-software-e561c036-16e4-4b2c-aa28-a33af9f3750b/jobs/junior-full-stack-engineer-python-focused>,himalayas,Remote / Brazil,Brazil-based or Remote Brazil,brazil,Junior,aws; typescript; reactjs; docker; scrum; kubernetes; distributed systems; architecture; cloud; platform; backend; frontend; api; go; python,2026-05-14T12:52:12.000Z,junior
48,Excelente,100,CI&T,[Job - 29293] Desenvolvedor Fullstack Pleno/Sênior (Java e Angular) - Vaga Afirm,<https://himalayas.app/companies/ci-t/jobs/job-29293-desenvolvedor-fullstack-pleno-senior-java-e-angular-vaga-afirm>,himalayas,Remote / Brazil,Brazil-based or Remote Brazil,brazil,Senior,typescript; reactjs; node; docker; microservices; micro-frontends; scrum; azure; architecture; cloud; platform; frontend; api; java,2026-05-12T10:28:05.000Z,senior
49,Excelente,100,SecurityScorecard,Staff Data Engineer,<https://himalayas.app/companies/securityscorecard/jobs/staff-data-engineer-7092836721>,himalayas,"Remote / Antigua and Barbuda, Argentina, Bahamas, Barbados, Belize, Bolivia, Brazil, Chile, Colombia, Costa Rica, Cuba, Dominica, Dominican Republic, Ecuador, El Salvador, French Guiana, Guatemala, Guyana, Haiti, Honduras, Jamaica, Mexico, Nicaragua, Panama, Paraguay, Peru, Saint Kitts and Nevis, Saint Lucia, Saint Vincent and the Grenadines, Suriname, Trinidad and Tobago, Uruguay, Venezuela",Brazil-friendly remote,brazil_friendly,Staff,aws; terraform; javascript; typescript; express; postgres; redis; docker; distributed systems; architecture; platform; api; go; python,2026-05-08T04:38:14.000Z,staff
50,Excelente,98,CI&T,[Job - 29248] Mid Level Fullstack Developer (Node.js/React) - Vaga afirmativa,<https://himalayas.app/companies/ci-t/jobs/job-29248-mid-level-fullstack-developer-node-js-react-vaga-afirmativa>,himalayas,Remote / Brazil,Brazil-based or Remote Brazil,brazil,Pleno,aws; javascript; typescript; nestjs; reactjs; node; postgres; redis; microservices; scrum; architecture; platform; api; go; java,2026-05-07T11:24:32.000Z,pleno
51,Excelente,100,Melhor Plano,Desenvolvedor(a) Full Stack IA Sênior,<https://programathor.com.br/jobs/33498-desenvolvedor-a-full-stack-ia-senior>,programathor,Remoto,Brazil-based or Remote Brazil,brazil,Senior,aws; typescript; cloud; api; python,,senior
52,Excelente,100,Coderio,"Tech Lead (Python, Go, React, Azure) MS054SG",<https://himalayas.app/companies/coderio/jobs/tech-lead-python-go-react-azure-ms054sg>,himalayas,"Remote / Argentina, Brazil, Colombia",Brazil-friendly remote,brazil_friendly,Lead,typescript; reactjs; docker; microservices; azure; kubernetes; distributed systems; architecture; cloud; platform; backend; frontend; go; python,2026-05-02T00:29:16.000Z,senior
53,Excelente,100,CI&T,[Job-29117] Senior React Native Developer,<https://himalayas.app/companies/ci-t/jobs/job-29117-senior-react-native-developer>,himalayas,Remote / Brazil,Brazil-based or Remote Brazil,brazil,Senior,typescript; reactjs; react-native; architecture; platform,2026-05-07T13:34:54.000Z,senior
54,Excelente,100,wex,Staff Engineer - .NET/AI,<https://himalayas.app/companies/wex/jobs/staff-engineer-net-ai>,himalayas,Remote / Brazil,Brazil-based or Remote Brazil,brazil,Staff,aws; terraform; typescript; reactjs; postgres; docker; scrum; azure; kubernetes; graphql; distributed systems; architecture; cloud; backend; api; go,2026-05-07T12:02:28.000Z,staff
55,Excelente,100,Launch Potato,Senior Data Engineer,<https://himalayas.app/companies/launch-potato/jobs/senior-data-engineer-2067027773>,himalayas,Remote / Brazil,Brazil-based or Remote Brazil,brazil,Senior,aws; typescript; express; docker; distributed systems; cloud; backend; api; python,2026-05-08T05:22:40.000Z,senior
56,Excelente,100,Digital Forms,Solution Architect,<https://himalayas.app/companies/digitalforms/jobs/solution-architect>,himalayas,Remote,Brazil-friendly remote,brazil_friendly,Architect,aws; typescript; microservices; scrum; gcp; azure; architecture; cloud; platform; api; go,2026-05-07T15:26:22.000Z,arq
57,Excelente,98,Talent Voyager,AI Full Stack Engineer,<https://himalayas.app/companies/talent-voyager/jobs/ai-full-stack-engineer-2039686989>,himalayas,Remote / Brazil,Brazil-based or Remote Brazil,brazil,Pleno,javascript; typescript; reactjs; node; postgres; api,2026-05-01T06:13:44.000Z,pleno
58,Excelente,100,Miratech,Senior DevOps Engineer,<https://himalayas.app/companies/miratech/jobs/senior-devops-engineer-7178850444>,himalayas,Remote / Brazil,Brazil-based or Remote Brazil,brazil,Senior,aws; terraform; typescript; docker; gcp; kubernetes; distributed systems; architecture; cloud; platform; api; go; python,2026-05-03T05:26:51.000Z,devops
59,Excelente,100,Truelogic,Technical Lead (Go/Java) - Technology Industry,<https://himalayas.app/companies/truelogic-io/jobs/technical-lead-go-java-technology-industry-7308024327>,himalayas,Remote / Brazil,Brazil-based or Remote Brazil,brazil,Lead,aws; typescript; docker; microservices; html-css; gcp; kubernetes; cloud; frontend; go; python; java,2026-05-14T21:15:15.000Z,senior
60,Excelente,100,Centrum-ai,Senior Software Engineer (Go) - Remote,<https://himalayas.app/companies/centrum-ai/jobs/senior-software-engineer-go-remote>,himalayas,Remote,Brazil-friendly remote,brazil_friendly,Senior,aws; typescript; docker; microservices; gcp; azure; kubernetes; architecture; cloud; platform; backend; frontend; api; go,2026-05-12T20:31:38.000Z,senior
61,Excelente,100,CI&T,[Job -29373] Desenvolvedor Fullstack Pleno (Java e Angular),<https://himalayas.app/companies/ci-t/jobs/job-29373-desenvolvedor-fullstack-pleno-java-e-angular>,himalayas,Remote / Brazil,Brazil-based or Remote Brazil,brazil,Pleno,javascript; typescript; reactjs; platform; frontend; api; java,2026-05-15T11:21:46.000Z,pleno
62,Excelente,100,CI&T,"[Job- 29182] Senior Frontend Developer React, Brasil (copy)",<https://himalayas.app/companies/ci-t/jobs/job-29182-senior-frontend-developer-react-brasil-copy>,himalayas,Remote / Brazil,Brazil-based or Remote Brazil,brazil,Senior,javascript; typescript; reactjs; platform; frontend; api; java,2026-05-09T04:40:18.000Z,senior
63,Excelente,99,Revelator,Senior DevOps Engineer,<https://himalayas.app/companies/revelator/jobs/senior-devops-engineer>,himalayas,Remote,Brazil-friendly remote,brazil_friendly,Senior,aws; terraform; typescript; docker; azure; kubernetes; cloud; platform; api; go,2026-05-03T09:34:58.000Z,devops
64,Excelente,100,CI&T,[Job - 29247] Senior Fullstack Developer (Node.js/React) - Vaga afirmativa para,<https://himalayas.app/companies/ci-t/jobs/job-29247-senior-fullstack-developer-node-js-react-vaga-afirmativa-para>,himalayas,Remote / Brazil,Brazil-based or Remote Brazil,brazil,Senior,aws; javascript; typescript; nestjs; reactjs; node; microservices; architecture; cloud; go,2026-05-07T12:52:04.000Z,senior
65,Excelente,100,CI&T,[Job - 29036] SR Fullstack Web Developer,<https://himalayas.app/companies/ci-t/jobs/job-29036-sr-fullstack-web-developer>,himalayas,Remote / Brazil,Brazil-based or Remote Brazil,brazil,Senior,aws; javascript; typescript; reactjs; node; architecture; platform; backend; frontend; api; go,2026-05-11T19:22:13.000Z,senior
66,Excelente,100,Chainlink Labs,"Senior Site Reliability Engineer, Observability",<https://himalayas.app/companies/chainlink-labs/jobs/senior-site-reliability-engineer-observability>,himalayas,"Remote / Argentina, Brazil, Canada, Colombia, Mexico, United States",Brazil-friendly remote,brazil_friendly,Senior,aws; terraform; typescript; kubernetes; distributed systems; platform; api; go; python; java,2026-05-08T04:01:26.000Z,devops
67,Excelente,97,wex,Junior Software Engineer - .NET/IA,<https://himalayas.app/companies/wex/jobs/junior-software-engineer-net-ia>,himalayas,Remote / Brazil,Brazil-based or Remote Brazil,brazil,Junior,aws; terraform; typescript; reactjs; postgres; docker; scrum; azure; kubernetes; graphql; architecture; cloud; backend; api; go,2026-05-07T19:05:54.000Z,junior
68,Excelente,100,Encora,JavaScript FullStack Developer,<https://himalayas.app/companies/encora/jobs/javascript-fullstack-developer>,himalayas,Remote / Brazil,Brazil-based or Remote Brazil,brazil,Pleno,aws; javascript; typescript; reactjs; node; html-css; cloud; backend; frontend; java,2026-05-13T21:33:55.000Z,pleno
69,Excelente,100,ília,SR QA Automation Engineer - Playwright,<https://himalayas.app/companies/ilia/jobs/sr-qa-automation-engineer-playwright-1959926038>,himalayas,Remote / Brazil,Brazil-based or Remote Brazil,brazil,Senior,javascript; typescript; node; scrum; api; go,2026-05-10T06:34:00.000Z,qa
70,Excelente,100,CI&T,"[Job-29210] Senior Platform Engineer – IDP & Cloud, Brazil",<https://himalayas.app/companies/ci-t/jobs/job-29210-senior-platform-engineer-idp-cloud-brazil>,himalayas,Remote / Brazil,Brazil-based or Remote Brazil,brazil,Senior,aws; terraform; typescript; gcp; azure; kubernetes; architecture; cloud; platform; go; python; java,2026-05-11T23:09:22.000Z,devops
71,Excelente,100,Truelogic,Senior/Mid-Level Mobile Engineer (React Native) - E-Commerce (Brazil),<https://himalayas.app/companies/truelogic-io/jobs/senior-mid-level-mobile-engineer-react-native-e-commerce-brazil>,himalayas,Remote / Brazil,Brazil-based or Remote Brazil,brazil,Senior,javascript; typescript; reactjs; react-native; node; scrum; platform; go,2026-05-14T05:12:29.000Z,senior
72,Excelente,100,Sigma Software,Middle Full Stack Engineer (Frontend Focus),<https://himalayas.app/companies/sigma-software-e561c036-16e4-4b2c-aa28-a33af9f3750b/jobs/middle-full-stack-engineer-frontend-focus>,himalayas,Remote / Brazil,Brazil-based or Remote Brazil,brazil,Pleno,aws; typescript; reactjs; docker; microservices; gcp; azure; kubernetes; distributed systems; architecture; cloud; platform; backend; frontend; api; go; java,2026-05-08T16:19:27.000Z,pleno
73,Excelente,100,ACV Auctions,"Senior Engineer, IT Infrastructure",<https://himalayas.app/companies/acv-auctions/jobs/senior-engineer-it-infrastructure>,himalayas,Remote,Brazil-friendly remote,brazil_friendly,Senior,aws; terraform; typescript; express; gcp; azure; architecture; cloud; platform; api; go; python,2026-05-09T00:13:57.000Z,senior
74,Excelente,98,Zencoder,Senior Full-stack Engineer,<https://himalayas.app/companies/zencoder/jobs/senior-full-stack-engineer>,himalayas,Remote,Brazil-friendly remote,brazil_friendly,Senior,typescript; architecture; cloud; platform; backend; api; go; python; java,2026-05-09T06:39:31.000Z,senior
75,Excelente,100,CI&T,"[Job 29234] Senior Front End (React/Typescript) Developer, Brazil",<https://himalayas.app/companies/ci-t/jobs/job-29234-senior-front-end-react-typescript-developer-brazil>,himalayas,Remote / Brazil,Brazil-based or Remote Brazil,brazil,Senior,javascript; typescript; reactjs; node; scrum; graphql; architecture; frontend; api,2026-05-08T11:53:24.000Z,senior
76,Excelente,100,CI&T,"[Job-29254] Backend Engineer (Orquestração & Integrações), Brazil",<https://himalayas.app/companies/ci-t/jobs/job-29254-backend-engineer-orquestracao-integracoes-brazil>,himalayas,Remote / Brazil,Brazil-based or Remote Brazil,brazil,Pleno,aws; javascript; typescript; node; redis; cloud; platform; backend; api; python,2026-05-11T09:09:47.000Z,pleno
77,Excelente,98,Ciena,Software Developer - Professional Services Inventory,<https://himalayas.app/companies/ciena/jobs/software-developer-professional-services-inventory>,himalayas,Remote / Brazil,Brazil-based or Remote Brazil,brazil,Pleno,aws; javascript; typescript; node; postgres; docker; html-css; gcp; azure; kubernetes; cloud; platform; backend; frontend; api; go; java,2026-05-05T20:31:20.000Z,pleno
78,Excelente,100,CI&T,"[Job 29270] Senior Front End (React) Developer, Brazil",<https://himalayas.app/companies/ci-t/jobs/job-29270-senior-front-end-react-developer-brazil>,himalayas,Remote / Brazil,Brazil-based or Remote Brazil,brazil,Senior,typescript; reactjs; scrum; backend; frontend; go,2026-05-08T10:21:46.000Z,senior
79,Excelente,100,Derq,Full-Stack Engineer (Scalable Systems),<https://himalayas.app/companies/derq-com/jobs/full-stack-engineer-scalable-systems>,himalayas,Remote / Brazil,Brazil-based or Remote Brazil,brazil,Pleno,aws; javascript; typescript; nestjs; reactjs; docker; microservices; kubernetes; architecture; cloud; platform; backend; frontend; api; go; python,2026-05-10T17:00:34.000Z,pleno
80,Excelente,100,Fortis Games,Staff Software Engineer (Platform),<https://himalayas.app/companies/fortis-games/jobs/staff-software-engineer-platform-4581610265>,himalayas,Remote / Brazil,Brazil-based or Remote Brazil,brazil,Staff,typescript; express; architecture; platform; backend,2026-05-12T09:41:12.000Z,staff
81,Excelente,100,IT Labs,Senior Software Engineer (Python),<https://himalayas.app/companies/it-labs/jobs/senior-software-engineer-python-496403381>,himalayas,"Remote / Argentina, Brazil, Chile, Colombia, Costa Rica, Mexico, Panama, Peru, Uruguay",Brazil-friendly remote,brazil_friendly,Senior,aws; typescript; docker; gcp; azure; kubernetes; architecture; cloud; platform; backend; frontend; api; python,2026-05-14T03:14:44.000Z,senior
82,Excelente,100,Ubiminds,Senior Backend Software Engineer .NET / AWS (514),<https://himalayas.app/companies/ubiminds/jobs/senior-backend-software-engineer-net-aws-514>,himalayas,Remote / Brazil,Brazil-based or Remote Brazil,brazil,Senior,aws; typescript; postgres; docker; microservices; kubernetes; distributed systems; architecture; cloud; platform; backend; frontend; go,2026-05-07T10:44:19.000Z,senior
83,Excelente,98,CI&T,[Job - 28978] Mid Level Developer Front End (Angular),<https://himalayas.app/companies/ci-t/jobs/job-28978-mid-level-developer-front-end-angular>,himalayas,Remote / Brazil,Brazil-based or Remote Brazil,brazil,Pleno,aws; typescript; reactjs; scrum; cloud; frontend; api,2026-05-01T07:18:02.000Z,pleno
84,Excelente,100,Capco,Senior Fullstack Developer - Remoto com INGLES,<https://himalayas.app/companies/capco/jobs/senior-fullstack-developer-remoto-com-ingles>,himalayas,Remote / Brazil,Brazil-based or Remote Brazil,brazil,Senior,javascript; typescript; reactjs; express; postgres; html-css; scrum; backend; frontend; api; java,2026-05-12T01:08:02.000Z,senior
85,Excelente,100,Think Diffusion,Desenvolvedor(a) Back-End Sênior | Node.js,<https://programathor.com.br/jobs/33510-desenvolvedor-a-back-end-senior-node-js>,programathor,Remoto,Brazil-based or Remote Brazil,brazil,Senior,javascript; node; express; postgres; backend; java,,senior
86,Excelente,100,CI&T,"[Job- 29255] Frontend Engineer SR, Brazil",<https://himalayas.app/companies/ci-t/jobs/job-29255-frontend-engineer-sr-brazil>,himalayas,Remote / Brazil,Brazil-based or Remote Brazil,brazil,Senior,javascript; typescript; reactjs; html-css; frontend; go,2026-05-09T05:02:25.000Z,senior
87,Excelente,98,CI&T,"[Job - 29144] Pleno Fullstack Developer, Brazil (Java e Angular)",<https://himalayas.app/companies/ci-t/jobs/job-29144-pleno-fullstack-developer-brazil-java-e-angular>,himalayas,Remote / Brazil,Brazil-based or Remote Brazil,brazil,Pleno,typescript; reactjs; node; microservices; scrum; azure; architecture; cloud; platform; api; java,2026-05-01T22:17:55.000Z,pleno
88,Excelente,100,CI&T,"Mid Level/Senior Developer Backend .NET/AWS, Brasil",<https://himalayas.app/companies/ci-t/jobs/mid-level-senior-developer-backend-net-aws-brasil>,himalayas,Remote / Brazil,Brazil-based or Remote Brazil,brazil,Senior,aws; terraform; typescript; reactjs; docker; microservices; azure; kubernetes; architecture; cloud; platform; backend; api; go,2026-05-02T03:42:24.000Z,senior
89,Excelente,100,WeFit,Desenvolvedor(a) Node.js Sênior Temporário,<https://www.programathor.com.br/jobs/33486-desenvolvedor-a-node-js-senior-temporario>,browser_mcp,Remoto,Brazil-based or Remote Brazil,brazil,Senior,javascript; node,,senior
90,Excelente,100,Capco,Fullstack Developer Jr - COM INGLÊS - Remoto,<https://himalayas.app/companies/capco/jobs/fullstack-developer-jr-com-ingles-remoto>,himalayas,Remote / Brazil,Brazil-based or Remote Brazil,brazil,Junior,aws; javascript; reactjs; express; azure; architecture; cloud; backend; frontend; go; java,2026-05-13T06:12:53.000Z,junior
91,Excelente,100,CI&T,[Job - 29293] Desenvolvedor Fullstack Pleno/Sênior (Java e Angular),<https://himalayas.app/companies/ci-t/jobs/job-29293-desenvolvedor-fullstack-pleno-senior-java-e-angular>,himalayas,Remote / Brazil,Brazil-based or Remote Brazil,brazil,Senior,javascript; typescript; reactjs; node; docker; microservices; micro-frontends; scrum; azure; architecture; cloud; platform; backend; frontend; api; java,2026-05-09T10:51:24.000Z,senior
92,Excelente,100,CI&T,[Job-29237] Mid Level Fullstack Developer Java+Angular,<https://himalayas.app/companies/ci-t/jobs/job-29237-mid-level-fullstack-developer-java-angular>,himalayas,Remote / Brazil,Brazil-based or Remote Brazil,brazil,Pleno,javascript; typescript; reactjs; scrum; platform; frontend; api; java,2026-05-09T14:42:44.000Z,pleno
93,Excelente,100,Prhospect soluções em R&S,Desenvolvedor(a) Front-End Pleno | React,<https://programathor.com.br/jobs/33493-desenvolvedor-a-front-end-pleno-react>,programathor,Remoto,Brazil-based or Remote Brazil,brazil,Pleno,javascript; typescript; reactjs; frontend; api; java,,pleno
94,Excelente,100,Nuuvem Inc,Lead Developer (Ruby),<https://himalayas.app/companies/nuuvem-inc/jobs/lead-developer-ruby>,himalayas,Remote / Brazil,Brazil-based or Remote Brazil,brazil,Lead,aws; javascript; typescript; node; postgres; redis; docker; html-css; scrum; architecture; api; go; python; java,2026-05-15T06:08:26.000Z,senior
95,Excelente,100,NeoEvolution,Senior Backend Engineer (Node.js/NestJS) | 100% Remote,<https://programathor.com.br/jobs/33462-senior-backend-engineer-node-js-nestjs-100-remote>,programathor,Remoto,Brazil-based or Remote Brazil,brazil,Senior,aws; javascript; typescript; nestjs; node; postgres; cloud; backend; api,,senior
96,Excelente,100,Centrum-ai,"Senior Software Engineer (Go) - Worldwide, Remote",<https://himalayas.app/companies/centrum-ai/jobs/senior-software-engineer-go-worldwide-remote>,himalayas,Remote,Brazil-friendly remote,brazil_friendly,Senior,aws; typescript; docker; microservices; gcp; azure; kubernetes; architecture; cloud; platform; backend; frontend; api; go,2026-05-12T20:31:37.000Z,senior
97,Excelente,99,CI&T,[Job - 29339] Sênior Flutter Developer,<https://himalayas.app/companies/ci-t/jobs/job-29339-senior-flutter-developer>,himalayas,Remote / Brazil,Brazil-based or Remote Brazil,brazil,Senior,typescript; figma; platform; backend; api,2026-05-14T07:27:00.000Z,senior
98,Excelente,100,CI&T,"[Job-29166] Mid-Level Fullstack Developer, Brazil (Mulheres)",<https://himalayas.app/companies/ci-t/jobs/job-29166-mid-level-fullstack-developer-brazil-mulheres>,himalayas,Remote / Brazil,Brazil-based or Remote Brazil,brazil,Pleno,javascript; typescript; reactjs; node; microservices; platform; backend; frontend; api; java,2026-05-10T02:07:40.000Z,pleno
99,Excelente,98,Halliburton,"Brazil - Remote: Front-end Developer (Rio de Janeiro, RJ, BR, 291941)",<https://himalayas.app/companies/halliburton/jobs/brazil-remote-front-end-developer-rio-de-janeiro-rj-br-291941-9912459122>,himalayas,Remote / Brazil,Brazil-based or Remote Brazil,brazil,Pleno,javascript; typescript; reactjs; architecture; platform; frontend; api; go,2026-05-04T07:15:08.000Z,pleno
100,Excelente,100,Altais Health Solutions,Senior Systems Architect,<https://himalayas.app/companies/altais-health-solutions/jobs/senior-systems-architect-902224059>,himalayas,Remote,Brazil-friendly remote,brazil_friendly,Architect,aws; terraform; typescript; azure; architecture; cloud; platform; api; go,2026-05-07T20:31:05.000Z,arq
101,Excelente,100,dLocal,Senior Software Engineer - Brazil,<https://himalayas.app/companies/dlocal/jobs/senior-software-engineer-brazil-8945033814>,himalayas,Remote / Brazil,Brazil-based or Remote Brazil,brazil,Senior,typescript; postgres; microservices; architecture; backend; go; java,2026-05-01T20:33:55.000Z,senior
102,Excelente,100,CI&T,"[Job 29270] Senior Front End (React) Developer, Brazil | Vaga Afirmativa para Mu",<https://himalayas.app/companies/ci-t/jobs/job-29270-senior-front-end-react-developer-brazil-vaga-afirmativa-para-mu>,himalayas,Remote / Brazil,Brazil-based or Remote Brazil,brazil,Senior,typescript; reactjs; scrum; platform; backend; frontend; go,2026-05-08T19:06:50.000Z,senior
103,Excelente,100,Arke,Senior QA Engineer - Brazil,<https://himalayas.app/companies/arke/jobs/senior-qa-engineer-brazil>,himalayas,Remote / Brazil,Brazil-based or Remote Brazil,brazil,Senior,javascript; typescript; reactjs; html-css; figma; scrum; azure; architecture; platform; frontend; api; go; java,2026-05-04T05:34:41.000Z,qa
104,Excelente,100,CI&T,"[Job - 29363] Senior Java Developer, Brazil",<https://himalayas.app/companies/ci-t/jobs/job-29363-senior-java-developer-brazil>,himalayas,Remote / Brazil,Brazil-based or Remote Brazil,brazil,Senior,typescript; postgres; docker; figma; kubernetes; distributed systems; platform; backend; api; java,2026-05-15T10:29:31.000Z,senior
105,Excelente,99,CI&T,"[Job 29242] Senior Developer iOS - Swift, Brazil",<https://himalayas.app/companies/ci-t/jobs/job-29242-senior-developer-ios-swift-brazil>,himalayas,Remote / Brazil,Brazil-based or Remote Brazil,brazil,Senior,typescript; reactjs; architecture; platform,2026-05-08T20:28:25.000Z,senior
106,Excelente,100,CI&T,"[Job 29235] Senior Android Developer, Brazil",<https://himalayas.app/companies/ci-t/jobs/job-29235-senior-android-developer-brazil>,himalayas,Remote / Brazil,Brazil-based or Remote Brazil,brazil,Senior,typescript; reactjs; graphql; architecture; platform; go; java,2026-05-08T12:47:43.000Z,senior
107,Excelente,100,CI&T,[Job - 29324] Desenvolvedor Fullstack Pleno (Java e Angular) - Vaga Afirmativas,<https://himalayas.app/companies/ci-t/jobs/job-29324-desenvolvedor-fullstack-pleno-java-e-angular-vaga-afirmativas>,himalayas,Remote / Brazil,Brazil-based or Remote Brazil,brazil,Pleno,javascript; typescript; reactjs; scrum; platform; frontend; api; java,2026-05-13T13:09:00.000Z,pleno
108,Excelente,100,"o9 Solutions, Inc.",Sr. DevOps Engineer,<https://himalayas.app/companies/o9-solutions-inc/jobs/sr-devops-engineer>,himalayas,Remote / Brazil,Brazil-based or Remote Brazil,brazil,Senior,aws; terraform; typescript; docker; gcp; azure; kubernetes; cloud; platform; go,2026-05-09T20:32:03.000Z,devops
109,Excelente,98,Red Hat,"Full Stack Software Engineer - Red Hat Discovery (Remote, Brazil)",<https://himalayas.app/companies/red-hat/jobs/full-stack-software-engineer-red-hat-discovery-remote-brazil>,himalayas,Remote / Brazil,Brazil-based or Remote Brazil,brazil,Pleno,javascript; typescript; reactjs; postgres; scrum; kubernetes; cloud; backend; frontend; api; python; java,2026-05-01T17:39:59.000Z,pleno
110,Excelente,98,CI&T,[Job - 29129] Mid Level Developer Fullstack (.Net + Angular ),<https://himalayas.app/companies/ci-t/jobs/job-29129-mid-level-developer-fullstack-net-angular>,himalayas,Remote / Brazil,Brazil-based or Remote Brazil,brazil,Pleno,aws; javascript; typescript; reactjs; micro-frontends; html-css; scrum; architecture; cloud; platform; backend; frontend; api; java,2026-05-01T12:20:46.000Z,pleno
111,Excelente,100,Motorola Solutions,Principal/Lead Software Engineer Full-Stack Typescript/NodeJS,<https://himalayas.app/companies/motorola-solutions/jobs/principal-lead-software-engineer-full-stack-typescript-nodejs>,himalayas,Remote / Brazil,Brazil-based or Remote Brazil,brazil,Principal,aws; javascript; typescript; reactjs; node; micro-frontends; scrum; architecture; cloud; platform; backend; frontend; api; go; java,2026-05-05T20:31:48.000Z,staff
112,Excelente,100,CI&T,"[Job - 29172] Mid Level/ Senior Backend Developer Java , Brasil",<https://himalayas.app/companies/ci-t/jobs/job-29172-mid-level-senior-backend-developer-java-brasil>,himalayas,Remote / Brazil,Brazil-based or Remote Brazil,brazil,Senior,aws; typescript; node; docker; microservices; scrum; kubernetes; architecture; cloud; platform; backend; api; go; java,2026-05-13T22:52:38.000Z,senior
113,Excelente,100,CI&T,"[Job-29278] Systems Architect, Brazil",<https://himalayas.app/companies/ci-t/jobs/job-29278-systems-architect-brazil>,himalayas,Remote / Brazil,Brazil-based or Remote Brazil,brazil,Architect,aws; terraform; javascript; node; microservices; azure; kubernetes; architecture; cloud; api; python; java,2026-05-11T23:44:22.000Z,arq
114,Excelente,100,GR8 Tech,Senior Frontend Developer for CRM Integrations Team,<https://himalayas.app/companies/gr8-tech/jobs/senior-frontend-developer-for-crm-integrations-team>,himalayas,Remote,Brazil-friendly remote,brazil_friendly,Senior,aws; javascript; typescript; reactjs; docker; html-css; gcp; azure; architecture; cloud; platform; backend; frontend; api; go; java,2026-05-12T23:14:56.000Z,senior
115,Excelente,100,Newsela,Contract: Senior Site Reliability Engineer,<https://himalayas.app/companies/newsela/jobs/contract-senior-site-reliability-engineer>,himalayas,"Remote / Argentina, Brazil, Chile, Colombia, Costa Rica",Brazil-friendly remote,brazil_friendly,Senior,aws; terraform; typescript; postgres; redis; docker; scrum; gcp; architecture; cloud; go; python,2026-05-08T06:02:19.000Z,devops
116,Excelente,100,G2i,Senior Software Engineer — AI Evaluation & Benchmarks (Python),<https://himalayas.app/companies/g2i/jobs/senior-software-engineer-ai-evaluation-benchmarks-python>,himalayas,"Remote / Albania, Austria, Belgium, Bosnia and Herzegovina, Brazil, Bulgaria, Canada, Chile, Colombia, Czechia, Dominican Republic, Ecuador, Estonia, France, Germany, Greece, Hungary, Ireland, Italy, Latvia, Lithuania, Malta, Mexico, Montenegro, Netherlands, North Macedonia, Paraguay, Peru, Poland, Portugal, Puerto Rico, Romania, Serbia, Slovakia, Spain, Turkey, United Kingdom, United States, Uruguay, Venezuela",Brazil-friendly remote,brazil_friendly,Senior,javascript; typescript; go; python; java,2026-05-14T05:10:29.000Z,senior
117,Excelente,98,Deploy IT,Vencida Desenvolvedor React Native Senior,<https://www.programathor.com.br/jobs/15959-desenvolvedor-react-native-senior>,browser_mcp,Remoto,Brazil-based or Remote Brazil,brazil,Senior,reactjs; react-native,,senior
118,Excelente,98,CI&T,[Job - 29045] Mid Level Developer Front End (React),<https://himalayas.app/companies/ci-t/jobs/job-29045-mid-level-developer-front-end-react>,himalayas,Remote / Brazil,Brazil-based or Remote Brazil,brazil,Pleno,javascript; typescript; reactjs; node; micro-frontends; scrum; architecture; platform; frontend; api,2026-05-01T13:31:08.000Z,pleno
119,Excelente,100,Verisma,Sr. QA Test Engineer,<https://himalayas.app/companies/verisma/jobs/sr-qa-test-engineer-6568767542>,himalayas,Remote,Brazil-friendly remote,brazil_friendly,Senior,typescript; microservices; scrum; azure; architecture; api,2026-05-13T10:08:14.000Z,qa
120,Excelente,100,Remote,Senior Backend Engineer (Elixir),<https://himalayas.app/companies/remote/jobs/senior-backend-engineer-elixir-4747016636>,himalayas,Remote / Brazil,Brazil-based or Remote Brazil,brazil,Senior,aws; javascript; typescript; reactjs; postgres; docker; kubernetes; platform; backend; frontend; api; go,2026-05-08T00:42:02.000Z,senior
121,Excelente,100,Floy,(Senior) Full Stack Engineer (React),<https://himalayas.app/companies/floy/jobs/senior-full-stack-engineer-react>,himalayas,Remote,Brazil-friendly remote,brazil_friendly,Senior,javascript; typescript; nestjs; reactjs; react-native; docker; kubernetes; architecture; cloud; platform; backend; frontend; api; go,2026-05-15T06:08:34.000Z,senior
122,Excelente,100,CI&T,[Job-29200] Arquiteto de Software Senior (.NET/React),<https://himalayas.app/companies/ci-t/jobs/job-29200-arquiteto-de-software-senior-net-react>,himalayas,Remote / Brazil,Brazil-based or Remote Brazil,brazil,Architect,javascript; typescript; reactjs; node; microservices; architecture; cloud; platform; java,2026-05-07T14:29:42.000Z,arq
123,Excelente,100,CI&T,"[Job-29197] Senior DevOps Engineer, Remote, Brazil",<https://himalayas.app/companies/ci-t/jobs/job-29197-senior-devops-engineer-remote-brazil>,himalayas,Remote / Brazil,Brazil-based or Remote Brazil,brazil,Senior,aws; typescript; kubernetes; cloud; platform,2026-05-08T21:29:39.000Z,devops
124,Excelente,100,CI&T,[Job - 29340] Sênior Golang Developer Backend,<https://himalayas.app/companies/ci-t/jobs/job-29340-senior-golang-developer-backend>,himalayas,Remote / Brazil,Brazil-based or Remote Brazil,brazil,Senior,aws; typescript; postgres; redis; docker; microservices; gcp; azure; kubernetes; distributed systems; architecture; cloud; platform; backend; api; go,2026-05-14T16:56:55.000Z,senior
125,Excelente,100,CloudWalk,Backend Software Engineer Authentication,<https://himalayas.app/companies/cloudwalk/jobs/backend-software-engineer-authentication>,himalayas,Remote / Brazil,Brazil-based or Remote Brazil,brazil,Pleno,aws; terraform; typescript; gcp; cloud; backend,2026-05-08T05:31:48.000Z,pleno
126,Excelente,100,Pavago,Senior Full Stack Software Engineer,<https://himalayas.app/companies/pavago/jobs/senior-full-stack-software-engineer-5646932944>,himalayas,Remote / Brazil,Brazil-based or Remote Brazil,brazil,Senior,aws; javascript; typescript; reactjs; node; postgres; gcp; azure; architecture; cloud; api; go; java,2026-05-08T19:39:41.000Z,senior
127,Excelente,100,Ubiminds,Senior Full Stack Engineer .NET / React (518),<https://himalayas.app/companies/ubiminds/jobs/senior-full-stack-engineer-net-react-518-9841692108>,himalayas,Remote / Brazil,Brazil-based or Remote Brazil,brazil,Senior,aws; typescript; reactjs; microservices; architecture; cloud; platform; backend; frontend; api,2026-05-14T19:09:08.000Z,senior
128,Excelente,100,TechMagic,"Senior Back-end oriented Developer/Architect, COE",<https://programathor.com.br/jobs/33460-senior-back-end-oriented-developer-architect-coe>,programathor,Remoto,Brazil-based or Remote Brazil,brazil,Senior,aws; javascript; typescript; node; cloud; backend; api; java,,senior
129,Excelente,100,CI&T,"[Job- 29178] Senior Frontend Developer React, Brasil",<https://himalayas.app/companies/ci-t/jobs/job-29178-senior-frontend-developer-react-brasil>,himalayas,Remote / Brazil,Brazil-based or Remote Brazil,brazil,Senior,javascript; typescript; reactjs; node; html-css; platform; frontend; api; java,2026-05-08T12:13:53.000Z,senior
130,Excelente,100,Sezzle,Senior Software Engineer with Accounting Experience (Brazil),<https://himalayas.app/companies/sezzle/jobs/senior-software-engineer-with-accounting-experience-brazil>,himalayas,Remote / Brazil,Brazil-based or Remote Brazil,brazil,Senior,aws; typescript; reactjs; react-native; postgres; kubernetes; architecture; cloud; platform; backend; frontend; api; go; python; java,2026-05-01T20:34:24.000Z,senior
131,Excelente,99,Able,"Senior Software & Data Engineer, JavaScript",<https://himalayas.app/companies/able-co/jobs/senior-software-data-engineer-javascript>,himalayas,"Remote / Argentina, Bolivia, Brazil, Chile, Colombia, Costa Rica, Cuba, Dominican Republic, Ecuador, El Salvador, Guatemala, Haiti, Honduras, Mexico, Nicaragua, Panama, Paraguay, Peru, Uruguay, Venezuela",Brazil-friendly remote,brazil_friendly,Senior,aws; terraform; javascript; typescript; nestjs; reactjs; react-native; node; postgres; gcp; azure; graphql; architecture; cloud; backend; frontend; api; java,2026-05-07T19:59:12.000Z,senior
132,Excelente,100,CI&T,"[Job - 29229] Mid Level Backend Developer Golang, Brasil",<https://himalayas.app/companies/ci-t/jobs/job-29229-mid-level-backend-developer-golang-brasil>,himalayas,Remote / Brazil,Brazil-based or Remote Brazil,brazil,Pleno,aws; typescript; microservices; architecture; cloud; platform; backend; api; go; java,2026-05-09T03:48:04.000Z,pleno
133,Excelente,100,Walter,Full-Stack Engineering Lead,<https://himalayas.app/companies/walter/jobs/full-stack-engineering-lead-5305391738>,himalayas,Remote / Brazil,Brazil-based or Remote Brazil,brazil,Lead,aws; javascript; typescript; reactjs; node; gcp; distributed systems; architecture; cloud; backend; api; python; java,2026-05-08T06:26:25.000Z,senior
134,Excelente,100,Kairogen,Desenvolvedor(a) Full Stack Pleno - Node.js,<https://programathor.com.br/jobs/33478-desenvolvedor-a-full-stack-pleno-node-js>,programathor,Remoto,Brazil-based or Remote Brazil,brazil,Pleno,javascript; typescript; nestjs; node; postgres; go,,pleno
135,Excelente,100,Trustly,Senior Full-Stack Engineer,<https://himalayas.app/companies/trustly-com/jobs/senior-full-stack-engineer>,himalayas,Remote / Brazil,Brazil-based or Remote Brazil,brazil,Senior,javascript; typescript; reactjs; architecture; platform; backend; frontend; api; java,2026-05-01T15:51:09.000Z,senior
136,Excelente,100,Sierra Studio,Senior AI Engineer,<https://himalayas.app/companies/sierra-studio-fb6d73b7-2f2d-4a7c-9e50-d4e7b40afa62/jobs/senior-ai-engineer>,himalayas,Remote / Brazil,Brazil-based or Remote Brazil,brazil,Senior,typescript; postgres; gcp; cloud; platform; go,2026-05-12T11:17:11.000Z,senior
137,Excelente,100,Arke,Front-End Developer,<https://himalayas.app/companies/arke/jobs/front-end-developer>,himalayas,Remote / Brazil,Brazil-based or Remote Brazil,brazil,Pleno,javascript; typescript; reactjs; html-css; frontend; go,2026-05-08T20:32:33.000Z,pleno
138,Excelente,100,Toptal,Senior Back-end Engineer (New Business),<https://himalayas.app/companies/toptal/jobs/senior-back-end-engineer-new-business>,himalayas,Remote / Brazil,Brazil-based or Remote Brazil,brazil,Senior,typescript; docker; kubernetes; graphql; cloud; backend; api,2026-05-10T11:43:45.000Z,senior
139,Excelente,100,EY,"Senior Fullstack Developer (Java & Angular) (São Paulo JK, São Paulo, BR, 04543-",<https://himalayas.app/companies/ey/jobs/senior-fullstack-developer-java-angular-sao-paulo-jk-sao-paulo-br-04543>,himalayas,Remote / Brazil,Brazil-based or Remote Brazil,brazil,Senior,microservices; architecture; frontend; api; go; java,2026-05-14T19:31:06.000Z,senior
140,Excelente,99,"Secture Labs, S.L.",Backend developer (remoto),<https://himalayas.app/companies/secture-labs-s-l/jobs/backend-developer-remoto-5957369630>,himalayas,Remote,Brazil-friendly remote,brazil_friendly,Pleno,aws; javascript; typescript; nestjs; node; docker; scrum; backend; go,2026-05-15T09:56:55.000Z,pleno
141,Excelente,100,CI&T,"[Job - 29172] Mid Level/ Senior Backend Developer Java , Brasil (Exclusiva p/ M",<https://himalayas.app/companies/ci-t/jobs/job-29172-mid-level-senior-backend-developer-java-brasil-exclusiva-p-m>,himalayas,Remote / Brazil,Brazil-based or Remote Brazil,brazil,Senior,aws; typescript; node; docker; microservices; scrum; kubernetes; architecture; cloud; platform; backend; api; go; python; java,2026-05-13T06:26:34.000Z,senior
142,Excelente,100,Customer.io,Senior Software Engineer - Email Channel,<https://himalayas.app/companies/customer-io/jobs/senior-software-engineer-email-channel>,himalayas,"Remote / Anguilla, Antigua and Barbuda, Argentina, Aruba, Bahamas, Barbados, Belize, Bermuda, Bolivia, Brazil, Canada, Chile, Colombia, Costa Rica, Cuba, Curaçao, Dominica, Dominican Republic, Ecuador, El Salvador, Greenland, Grenada, Guatemala, Guyana, Haiti, Honduras, Jamaica, Mexico, Nicaragua, Panama, Paraguay, Peru, Puerto Rico, Saint Kitts and Nevis, Saint Lucia, Saint Vincent and the Grenadines, Suriname, Trinidad and Tobago, United States, Uruguay, Venezuela",Brazil-friendly remote,brazil_friendly,Senior,aws; typescript; reactjs; gcp; distributed systems; architecture; cloud; platform; backend; frontend; api; go,2026-05-14T13:43:51.000Z,senior
143,Excelente,100,Ensemble Health Partners,"Senior Engineer, Software",<https://himalayas.app/companies/ensemble-health-partners/jobs/senior-engineer-software-1462458833>,himalayas,"Remote / Argentina, Australia, Austria, Bangladesh, Belgium, Brazil, Canada, Chile, China, Colombia, Czechia, Denmark, Egypt, Finland, France, Germany, Ghana, Greece, India, Indonesia, Ireland, Israel, Italy, Japan, Kenya, Malaysia, Mexico, Netherlands, New Zealand, Nigeria, Norway, Pakistan, Peru, Philippines, Poland, Portugal, Russian Federation, Saudi Arabia, Singapore, South Africa, South Korea, Spain, Sri Lanka, Sweden, Switzerland, Taiwan, Thailand, Turkey, Ukraine, United Arab Emirates, United Kingdom, United States, Vietnam",Brazil-friendly remote,brazil_friendly,Senior,aws; javascript; typescript; architecture; cloud; backend; api; go; java,2026-05-08T09:46:58.000Z,senior
144,Excelente,98,Unifonic,Senior Infrastructure Engineer,<https://himalayas.app/companies/unifonic/jobs/senior-infrastructure-engineer>,himalayas,Remote,Brazil-friendly remote,brazil_friendly,Senior,terraform; typescript; docker; kubernetes; cloud; platform; go; python,2026-05-11T20:32:04.000Z,devops
145,Excelente,97,Somnio Software,Senior Core Flutter Engineer (AI Tooling / Harness),<https://himalayas.app/companies/somnio-software/jobs/senior-core-flutter-engineer-ai-tooling-harness>,himalayas,Remote,Brazil-friendly remote,brazil_friendly,Senior,javascript; typescript; architecture; platform; go; python,2026-05-10T00:06:10.000Z,senior
146,Excelente,100,DOCLIO,"Desenvolvedor(a) Full Stack (TypeScript, Node.js, React) Júnior",<https://www.programathor.com.br/jobs/33456-desenvolvedor-a-full-stack-typescript-node-js-react-junior>,browser_mcp,Remoto,Brazil-based or Remote Brazil,brazil,Junior,javascript; typescript; reactjs; node,,junior
147,Excelente,100,CI&T,"[Job 29244] Senior Developer Java, Brazil",<https://himalayas.app/companies/ci-t/jobs/job-29244-senior-developer-java-brazil>,himalayas,Remote / Brazil,Brazil-based or Remote Brazil,brazil,Senior,aws; typescript; redis; docker; microservices; scrum; kubernetes; cloud; platform; go; java,2026-05-08T08:37:07.000Z,senior
148,Excelente,98,WeFit,Desenvolvedor(a) Node.js Pleno Temporário,<https://www.programathor.com.br/jobs/33471-desenvolvedor-a-node-js-pleno-temporario>,browser_mcp,Remoto,Brazil-based or Remote Brazil,brazil,Pleno,javascript; node,,pleno
149,Excelente,100,Sigma Software,Principal Full-Stack Engineer (Frontend focus),<https://himalayas.app/companies/sigma-software-e561c036-16e4-4b2c-aa28-a33af9f3750b/jobs/principal-full-stack-engineer-frontend-focus-7048696010>,himalayas,Remote / Brazil,Brazil-based or Remote Brazil,brazil,Principal,javascript; typescript; reactjs; node; scrum; graphql; distributed systems; architecture; platform; frontend; api; go; python; java,2026-05-05T01:03:48.000Z,staff
150,Excelente,98,Monks,Fullstack Engineer,<https://himalayas.app/companies/monks/jobs/fullstack-engineer>,himalayas,Remote / Brazil,Brazil-based or Remote Brazil,brazil,Pleno,terraform; javascript; typescript; nestjs; reactjs; express; postgres; docker; kubernetes; architecture; backend; frontend; api; go,2026-05-07T10:21:00.000Z,pleno
151,Excelente,99,Zartis,Senior Fullstack Engineer,<https://himalayas.app/companies/zartis/jobs/senior-fullstack-engineer>,himalayas,"Remote / Argentina, Bolivia, Brazil, Chile, Colombia, Ecuador, Mexico, Paraguay, Peru, Uruguay, Venezuela",Brazil-friendly remote,brazil_friendly,Senior,aws; javascript; typescript; node; architecture; cloud; platform; backend; frontend; api,2026-05-01T17:32:04.000Z,senior
152,Excelente,94,TechBiz Global,Solutions Architect,<https://himalayas.app/companies/techbiz-global/jobs/solutions-architect>,himalayas,Remote,worldwide-compatible remote,international,Architect,typescript; microservices; architecture; cloud; platform; api; go,2026-05-06T20:32:45.000Z,arq
153,Excelente,94,Taktile,Senior Forward Deployed Engineer,<https://himalayas.app/companies/taktile/jobs/senior-forward-deployed-engineer>,himalayas,Remote / Brazil,Brazil-based or Remote Brazil,brazil,Senior,typescript; api; python,2026-05-14T21:30:44.000Z,senior
154,Excelente,93,Spotter Labs,Remote FullStack Engineer – React + Django – AI Systems,<https://himalayas.app/companies/spotter-labs/jobs/remote-fullstack-engineer-react-django-ai-systems-6762521753>,himalayas,Remote,Brazil-friendly remote,brazil_friendly,Pleno,typescript; reactjs; react-native; redis; docker; gcp; kubernetes; backend; frontend; api; go; python,2026-05-04T20:32:23.000Z,pleno
155,Excelente,95,Hint Health,"Software Engineer, Mobile (iOS & Android)",<https://himalayas.app/companies/hint-health/jobs/software-engineer-mobile-ios-android>,himalayas,"Remote / Brazil, Mexico, Uruguay",Brazil-friendly remote,brazil_friendly,Pleno,typescript; reactjs; react-native; architecture; platform; backend; api; go,2026-05-14T21:44:44.000Z,pleno
156,Excelente,91,Truelogic,Senior Platform Engineer - Market Research & Digital Insights,<https://himalayas.app/companies/truelogic-io/jobs/senior-platform-engineer-market-research-digital-insights-6481808800>,himalayas,Remote / Brazil,Brazil-based or Remote Brazil,brazil,Senior,typescript; architecture; platform,2026-05-08T23:09:47.000Z,devops
157,Excelente,93,PrimeWorks,Full Stack Developer - Java,<https://himalayas.app/companies/primeworks/jobs/full-stack-developer-java>,himalayas,Remote,Brazil-friendly remote,brazil_friendly,Pleno,aws; javascript; typescript; reactjs; node; html-css; gcp; cloud; platform; backend; frontend; java,2026-05-05T00:37:02.000Z,pleno
158,Excelente,91,"ImmunityBio, Inc.","Software Engineer, AI",<https://himalayas.app/companies/immunitybio-inc/jobs/software-engineer-ai>,himalayas,Remote,Brazil-friendly remote,brazil_friendly,Pleno,typescript; express; docker; architecture; platform; backend; api; go; python,2026-05-07T12:18:59.000Z,pleno
159,Excelente,92,Twilio,Principal Engineer,<https://job-boards.greenhouse.io/twilio/jobs/7811868>,greenhouse,Remote - US,worldwide-compatible remote,international,Principal,aws; terraform; typescript; express; redis; microservices; kubernetes; distributed systems; architecture; cloud; platform; api; go; java,2026-04-16T03:35:08.000Z,staff
160,Excelente,92,Unisys,Analista Desenvolvedor Cobol Jr.,<https://himalayas.app/companies/unisys/jobs/analista-desenvolvedor-cobol-jr>,himalayas,Remote / Brazil,Brazil-based or Remote Brazil,brazil,Junior,typescript; express; scrum; backend; go,2026-05-13T00:16:13.000Z,junior
161,Excelente,93,CI&T,"[Job 29243] Senior Developer Android - Kotlin, Brazil",<https://himalayas.app/companies/ci-t/jobs/job-29243-senior-developer-android-kotlin-brazil>,himalayas,Remote / Brazil,Brazil-based or Remote Brazil,brazil,Senior,typescript; architecture; platform; java,2026-05-08T19:02:40.000Z,senior
162,Excelente,93,Canonical,Public Cloud Solution Architect,<https://job-boards.greenhouse.io/canonical/jobs/7490812>,greenhouse,Home Based - Americas,worldwide-compatible remote,international,Architect,aws; typescript; docker; gcp; azure; cloud; platform; api; go,2026-01-23T19:25:42.000Z,arq
163,Excelente,94,Tesorio,Senior Full Stack Software Engineer,<https://himalayas.app/companies/tesorio/jobs/senior-full-stack-software-engineer>,himalayas,"Remote / Anguilla, Antigua and Barbuda, Argentina, Aruba, Bahamas, Barbados, Belize, Bermuda, Bolivia, Bonaire, Sint Eustatius and Saba, Brazil, Cayman Islands, Chile, Colombia, Costa Rica, Cuba, Dominica, Dominican Republic, Ecuador, El Salvador, Falkland Islands (Malvinas), Grenada, Guatemala, Guyana, Haiti, Honduras, Jamaica, Mexico, Montserrat, Nicaragua, Panama, Paraguay, Peru, Puerto Rico, Saint Kitts and Nevis, Saint Lucia, Saint Vincent and the Grenadines, South Georgia and the South Sandwich Islands, Suriname, Trinidad and Tobago, Turks and Caicos Islands, Uruguay, Venezuela, Virgin Islands, British, Virgin Islands, U.S.",Brazil-friendly remote,brazil_friendly,Senior,typescript; architecture; platform; backend; frontend; api; go; python,2026-05-02T15:24:26.000Z,senior
164,Excelente,96,DXC Technology,Desenvolvedor PL/SQL Senior,<https://himalayas.app/companies/dxc-technology/jobs/desenvolvedor-pl-sql-senior>,himalayas,Remote / Brazil,Brazil-based or Remote Brazil,brazil,Senior,typescript; scrum; architecture; backend; api; go; java,2026-05-11T17:58:10.000Z,senior
165,Excelente,96,Sigma Software,Senior Data Engineer,<https://himalayas.app/companies/sigma-software-e561c036-16e4-4b2c-aa28-a33af9f3750b/jobs/senior-data-engineer>,himalayas,Remote / Brazil,Brazil-based or Remote Brazil,brazil,Senior,typescript; platform; backend; api; python,2026-05-13T08:20:51.000Z,senior
166,Excelente,96,Sporty Group,Weekend Backend Engineer,<https://himalayas.app/companies/sporty-group/jobs/weekend-backend-engineer>,himalayas,"Remote / Afghanistan, Albania, Algeria, Andorra, Angola, Anguilla, Antarctica, Antigua and Barbuda, Argentina, Armenia, Aruba, Austria, Azerbaijan, Bahamas, Bahrain, Barbados, Belarus, Belgium, Belize, Benin, Bermuda, Bolivia, Bonaire, Sint Eustatius and Saba, Bosnia and Herzegovina, Botswana, Bouvet Island, Brazil, Bulgaria, Burkina Faso, Burundi, Cabo Verde, Cameroon, Cayman Islands, Central African Republic, Chad, Chile, Colombia, Comoros, Congo, Congo, The Democratic Republic of the, Cook Islands, Costa Rica, Croatia, Cuba, Curaçao, Cyprus, Czechia, Côte d'Ivoire, Denmark, Djibouti, Dominica, Dominican Republic, Ecuador, Egypt, El Salvador, Equatorial Guinea, Eritrea, Estonia, Eswatini, Ethiopia, Falkland Islands (Malvinas), Faroe Islands, Finland, France, French Guiana, French Southern Territories, Gabon, Gambia, Georgia, Germany, Ghana, Gibraltar, Greece, Greenland, Grenada, Guadeloupe, Guatemala, Guernsey, Guinea, Guinea-Bissau, Guyana, Haiti, Heard Island and McDonald Islands, Holy See (Vatican City State), Honduras, Hungary, Iceland, Iran, Iraq, Ireland, Isle of Man, Israel, Italy, Jamaica, Jersey, Jordan, Kazakhstan, Kenya, Kuwait, Kyrgyzstan, Latvia, Lebanon, Lesotho, Liberia, Libya, Liechtenstein, Lithuania, Luxembourg, Madagascar, Malawi, Mali, Malta, Martinique, Mauritania, Mauritius, Mayotte, Mexico, Moldova, Monaco, Montenegro, Montserrat, Morocco, Mozambique, Namibia, Netherlands, Nicaragua, Niger, Nigeria, North Macedonia, Norway, Oman, Palestine, State of, Panama, Paraguay, Peru, Poland, Portugal, Puerto Rico, Qatar, Romania, Russian Federation, Rwanda, Réunion, Saint Barthélemy, Saint Helena, Ascension and Tristan da Cunha, Saint Kitts and Nevis, Saint Lucia, Saint Martin (French part), Saint Pierre and Miquelon, Saint Vincent and the Grenadines, San Marino, Sao Tome and Principe, Saudi Arabia, Senegal, Serbia, Seychelles, Sierra Leone, Sint Maarten (Dutch part), Slovakia, Slovenia, Somalia, South Africa, South Georgia and the South Sandwich Islands, South Sudan, Spain, Sudan, Suriname, Svalbard and Jan Mayen, Sweden, Switzerland, Syrian Arab Republic, Tajikistan, Tanzania, Togo, Trinidad and Tobago, Tunisia, Turkey, Turkmenistan, Turks and Caicos Islands, Uganda, Ukraine, United Arab Emirates, United Kingdom, Uruguay, Uzbekistan, Venezuela, Virgin Islands, British, Virgin Islands, U.S., Western Sahara, Yemen, Zambia, Zimbabwe, Åland Islands",Brazil-friendly remote,brazil_friendly,Pleno,aws; typescript; redis; docker; microservices; kubernetes; architecture; cloud; platform; backend; api; go; java,2026-05-10T06:32:17.000Z,pleno
167,Excelente,93,Prhospect soluções em R&amp;S,Desenvolvedor(a) Front-End Pleno | React,<https://www.programathor.com.br/jobs/33493-desenvolvedor-a-front-end-pleno-react>,browser_mcp,Remoto,Brazil-based or Remote Brazil,brazil,Pleno,reactjs; frontend,,pleno
168,Excelente,92,Twilio,Staff Software Engineer (L4),<https://job-boards.greenhouse.io/twilio/jobs/7716279>,greenhouse,Remote - Colombia,worldwide-compatible remote,international,Staff,aws; javascript; typescript; reactjs; express; gcp; azure; distributed systems; cloud; platform; backend; frontend; api; go; java,2026-03-13T21:04:29.000Z,staff
169,Excelente,94,Roofr,Senior Backend Engineer - Contract,<https://himalayas.app/companies/roofr/jobs/senior-backend-engineer-contract>,himalayas,Remote / Brazil,Brazil-based or Remote Brazil,brazil,Senior,typescript; scrum; architecture; platform; backend; go,2026-05-03T16:58:55.000Z,senior
170,Excelente,94,G2i,"Senior Software Engineer - AI Interaction Evaluator (Codex / Claude Code, up to",<https://himalayas.app/companies/g2i/jobs/senior-software-engineer-ai-interaction-evaluator-codex-claude-code-up-to>,himalayas,"Remote / Albania, Argentina, Austria, Bangladesh, Belgium, Bolivia, Bosnia and Herzegovina, Brazil, Bulgaria, Cambodia, Canada, Chile, Colombia, Croatia, Czechia, Ecuador, Estonia, Finland, Germany, Greece, Hungary, India, Indonesia, Ireland, Italy, Latvia, Lithuania, Malta, Montenegro, Morocco, North Macedonia, Paraguay, Peru, Philippines, Poland, Portugal, Romania, Serbia, Slovakia, Spain, Turkey, United Kingdom, United States, Uruguay",Brazil-friendly remote,brazil_friendly,Senior,javascript; typescript; go; python; java,2026-05-07T01:23:32.000Z,senior
171,Excelente,92,CI&T,"[ 29067] Mid-Level/Sênior Developer Android, Brasil",<https://himalayas.app/companies/ci-t/jobs/29067-mid-level-senior-developer-android-brasil>,himalayas,Remote / Brazil,Brazil-based or Remote Brazil,brazil,Senior,typescript; scrum; architecture; platform; java,2026-05-07T16:47:27.000Z,senior
172,Excelente,94,Derq,Technical Support Software Engineer,<https://himalayas.app/companies/derq-com/jobs/technical-support-software-engineer-6878850441>,himalayas,Remote / Brazil,Brazil-based or Remote Brazil,brazil,Pleno,javascript; typescript; node; cloud; platform; go; python,2026-05-07T14:33:35.000Z,pleno
173,Excelente,93,Nelnet,Software Engineer II,<https://himalayas.app/companies/nelnet/jobs/software-engineer-ii>,himalayas,Remote,Brazil-friendly remote,brazil_friendly,Pleno,aws; typescript; scrum; cloud; backend; api; go; python; java,2026-05-12T22:17:30.000Z,pleno
174,Excelente,93,CI&T,"[Job-29210] Senior Platform Engineer – IDP &amp; Cloud, Brazil",<https://himalayas.app/companies/ci-t/jobs/job-29210-senior-platform-engineer-idp-amp-cloud-brazil>,himalayas,Remote / Brazil,Brazil-based or Remote Brazil,brazil,Senior,typescript; architecture; cloud; platform,2026-05-09T05:39:00.000Z,devops
175,Excelente,95,GoFasti,Mid software Engineer,<https://himalayas.app/companies/gofasti/jobs/mid-software-engineer>,himalayas,"Remote / Anguilla, Antigua and Barbuda, Argentina, Aruba, Bahamas, Barbados, Belize, Bolivia, Bonaire, Sint Eustatius and Saba, Brazil, Cayman Islands, Chile, Colombia, Costa Rica, Cuba, Curaçao, Dominica, Dominican Republic, Ecuador, El Salvador, Falkland Islands (Malvinas), French Guiana, Grenada, Guadeloupe, Guatemala, Guyana, Haiti, Honduras, Jamaica, Martinique, Mexico, Montserrat, Nicaragua, Panama, Paraguay, Peru, Puerto Rico, Saint Barthélemy, Saint Kitts and Nevis, Saint Lucia, Saint Martin (French part), Saint Vincent and the Grenadines, Sint Maarten (Dutch part), South Georgia and the South Sandwich Islands, Suriname, Trinidad and Tobago, Turks and Caicos Islands, Uruguay, Venezuela, Virgin Islands, British, Virgin Islands, U.S.",Brazil-friendly remote,brazil_friendly,Pleno,aws; terraform; javascript; typescript; nestjs; reactjs; node; postgres; cloud; platform; backend; frontend; api; go,2026-05-07T18:11:05.000Z,pleno
176,Excelente,93,Cockroach Labs,Principal Partner Solutions Architect - Distributed US,<https://www.cockroachlabs.com/careers/job/?gh_jid=7078896>,greenhouse,"Remote, United States",worldwide-compatible remote,international,Architect,aws; terraform; javascript; typescript; reactjs; postgres; gcp; azure; distributed systems; architecture; cloud; platform; go,2025-08-20T15:28:50.000Z,arq
177,Excelente,95,CI&T,"[Job-29254] Backend Engineer (Orquestração &amp; Integrações), Brazil",<https://himalayas.app/companies/ci-t/jobs/job-29254-backend-engineer-orquestracao-amp-integracoes-brazil>,himalayas,Remote / Brazil,Brazil-based or Remote Brazil,brazil,Pleno,typescript; redis; platform; backend; api,2026-05-09T09:06:10.000Z,pleno
178,Excelente,92,DXC Technology,Desenvolvedor JAVA .NET,<https://himalayas.app/companies/dxc-technology/jobs/desenvolvedor-java-net>,himalayas,Remote / Brazil,Brazil-based or Remote Brazil,brazil,Pleno,typescript; architecture; backend; api; go; java,2026-05-11T02:59:43.000Z,pleno
179,Excelente,96,CI&T,[Job - 28808] Senior Developer .NET,<https://himalayas.app/companies/ci-t/jobs/job-28808-senior-developer-net>,himalayas,Remote / Brazil,Brazil-based or Remote Brazil,brazil,Senior,typescript; postgres; azure; platform; api,2026-05-01T04:52:04.000Z,senior
180,Excelente,96,Refocus LLC,Senior S/4HANA ABAP Developer,<https://www.getonbrd.com/jobs/senior-s-4hana-abap-developer-refocus-llc-remote>,getonboard,"Remote / Chile, Peru, Mexico, Colombia, Argentina, Brazil",Brazil-friendly remote,brazil_friendly,Senior,typescript; architecture; cloud; platform; api; go,2026-05-15T17:28:41.000Z,senior
181,Excelente,95,GitLab,"Senior Backend Engineer (Ruby and/or Go), Tenant Scale; Cells Infrastructure",<https://himalayas.app/companies/gitlab-com/jobs/senior-backend-engineer-ruby-and-or-go-tenant-scale-cells-infrastructure>,himalayas,"Remote / Afghanistan, Albania, Algeria, American Samoa, Andorra, Angola, Anguilla, Antarctica, Antigua and Barbuda, Argentina, Armenia, Aruba, Australia, Austria, Azerbaijan, Bahamas, Bahrain, Bangladesh, Barbados, Belarus, Belgium, Belize, Benin, Bermuda, Bhutan, Bolivia, Bonaire, Sint Eustatius and Saba, Bosnia and Herzegovina, Botswana, Bouvet Island, Brazil, British Indian Ocean Territory, Brunei Darussalam, Bulgaria, Burkina Faso, Burundi, Cabo Verde, Cambodia, Cameroon, Canada, Cayman Islands, Central African Republic, Chad, Chile, China, Christmas Island, Cocos (Keeling) Islands, Colombia, Comoros, Congo, Congo, The Democratic Republic of the, Cook Islands, Costa Rica, Croatia, Cuba, Curaçao, Cyprus, Czechia, Côte d'Ivoire, Denmark, Djibouti, Dominica, Dominican Republic, Ecuador, Egypt, El Salvador, Equatorial Guinea, Eritrea, Estonia, Eswatini, Ethiopia, Falkland Islands (Malvinas), Faroe Islands, Fiji, Finland, France, French Guiana, French Polynesia, French Southern Territories, Gabon, Gambia, Georgia, Germany, Ghana, Gibraltar, Greece, Greenland, Grenada, Guadeloupe, Guam, Guatemala, Guernsey, Guinea, Guinea-Bissau, Guyana, Haiti, Heard Island and McDonald Islands, Holy See (Vatican City State), Honduras, Hong Kong, Hungary, Iceland, India, Indonesia, Iran, Iraq, Ireland, Isle of Man, Israel, Italy, Jamaica, Japan, Jersey, Jordan, Kazakhstan, Kenya, Kiribati, Kuwait, Kyrgyzstan, Lao People's Democratic Republic, Latvia, Lebanon, Lesotho, Liberia, Libya, Liechtenstein, Lithuania, Luxembourg, Macao, Madagascar, Malawi, Malaysia, Maldives, Mali, Malta, Marshall Islands, Martinique, Mauritania, Mauritius, Mayotte, Mexico, Micronesia, Federated States of, Moldova, Monaco, Mongolia, Montenegro, Montserrat, Morocco, Mozambique, Myanmar, Namibia, Nauru, Nepal, Netherlands, New Caledonia, New Zealand, Nicaragua, Niger, Nigeria, Niue, Norfolk Island, North Macedonia, Northern Mariana Islands, Norway, Oman, Pakistan, Palau, Palestine, State of, Panama, Papua New Guinea, Paraguay, Peru, Philippines, Pitcairn, Poland, Portugal, Puerto Rico, Qatar, Romania, Russian Federation, Rwanda, Réunion, Saint Barthélemy, Saint Helena, Ascension and Tristan da Cunha, Saint Kitts and Nevis, Saint Lucia, Saint Martin (French part), Saint Pierre and Miquelon, Saint Vincent and the Grenadines, Samoa, San Marino, Sao Tome and Principe, Saudi Arabia, Senegal, Serbia, Seychelles, Sierra Leone, Singapore, Sint Maarten (Dutch part), Slovakia, Slovenia, Solomon Islands, Somalia, South Africa, South Georgia and the South Sandwich Islands, South Korea, South Sudan, Spain, Sri Lanka, Sudan, Suriname, Svalbard and Jan Mayen, Sweden, Switzerland, Syrian Arab Republic, Taiwan, Tajikistan, Tanzania, Thailand, Timor-Leste, Togo, Tokelau, Tonga, Trinidad and Tobago, Tunisia, Turkey, Turkmenistan, Turks and Caicos Islands, Tuvalu, Uganda, Ukraine, United Arab Emirates, United Kingdom, United States, United States Minor Outlying Islands, Uruguay, Uzbekistan, Vanuatu, Venezuela, Vietnam, Virgin Islands, British, Virgin Islands, U.S., Wallis and Futuna, Western Sahara, Yemen, Zambia, Zimbabwe, Åland Islands",Brazil-friendly remote,brazil_friendly,Senior,typescript; express; postgres; distributed systems; architecture; platform; backend; go; monolith,2026-05-03T20:32:48.000Z,senior
182,Excelente,95,Known,Software Engineer,<https://himalayas.app/companies/known/jobs/software-engineer>,himalayas,Remote,Brazil-friendly remote,brazil_friendly,Pleno,aws; terraform; typescript; reactjs; express; postgres; docker; kubernetes; distributed systems; architecture; cloud; platform; backend; api; go; python,2026-05-04T08:00:49.000Z,pleno
183,Excelente,95,Newsela,Contract: Senior Software Engineer - Newsela Writing Team,<https://himalayas.app/companies/newsela/jobs/contract-senior-software-engineer-newsela-writing-team>,himalayas,"Remote / Argentina, Brazil, Chile, Colombia, Costa Rica",Brazil-friendly remote,brazil_friendly,Senior,typescript; reactjs; backend; frontend; api; python,2026-05-04T18:24:12.000Z,senior
184,Excelente,85,Twilio,Senior Software Engineer- Video Signalling ,<https://job-boards.greenhouse.io/twilio/jobs/7394811>,greenhouse,Remote - Ireland,worldwide-compatible remote,international,Senior,aws; typescript; express; scrum; azure; distributed systems; cloud; platform; api; go; java,2025-11-14T09:26:27.000Z,senior
185,Excelente,86,Sensedia,Analista de Testes | Sênior (12914),<https://himalayas.app/companies/sensedia/jobs/analista-de-testes-senior-12914>,himalayas,Remote / Brazil,Brazil-based or Remote Brazil,brazil,Senior,aws; typescript; docker; microservices; gcp; azure; kubernetes; architecture; cloud; backend; api; go,2026-05-13T15:36:15.000Z,qa
186,Excelente,89,Performance Development Group,Full Time Solution Architect,<https://himalayas.app/companies/performance-development-group/jobs/full-time-solution-architect>,himalayas,Remote,worldwide-compatible remote,international,Architect,typescript; reactjs; architecture; go,2026-05-08T04:05:55.000Z,arq
187,Excelente,85,Twilio,Principal Machine Learning & Data Engineer ,<https://job-boards.greenhouse.io/twilio/jobs/7155492>,greenhouse,Remote - US,worldwide-compatible remote,international,Principal,aws; terraform; typescript; express; kubernetes; distributed systems; architecture; cloud; platform; api; go; python; java,2025-08-08T17:48:51.000Z,staff
188,Excelente,89,Canonical,Cloud Solutions Architect - Alliances,<https://job-boards.greenhouse.io/canonical/jobs/5915936>,greenhouse,Home based - Worldwide,worldwide-compatible remote,international,Architect,aws; typescript; postgres; gcp; azure; kubernetes; architecture; cloud; platform; api; go; python,2024-04-18T16:41:01.000Z,arq
189,Excelente,85,Twilio,"Senior Engineer, Security Automation",<https://job-boards.greenhouse.io/twilio/jobs/7206764>,greenhouse,Remote - Ireland,worldwide-compatible remote,international,Senior,terraform; typescript; express; docker; scrum; kubernetes; cloud; platform; api; go; python,2025-10-01T16:28:25.000Z,senior
190,Excelente,88,Twilio,"Staff Enterprise Security Engineer, AI Security",<https://job-boards.greenhouse.io/twilio/jobs/7904291>,greenhouse,Remote - Ireland,worldwide-compatible remote,international,Staff,aws; typescript; express; gcp; kubernetes; architecture; cloud; platform; api; go; python; java,2026-05-08T08:52:04.000Z,staff
191,Excelente,89,Distribusion Technologies GmbH,"Engineering Team Lead, B2B Portal (all genders)",<https://himalayas.app/companies/distribusion-technologies-gmbh/jobs/engineering-team-lead-b2b-portal-all-genders-7391863732>,himalayas,Remote,worldwide-compatible remote,international,Lead,aws; javascript; typescript; reactjs; react-native; redis; microservices; gcp; azure; distributed systems; architecture; cloud; platform; frontend; api; go; python,2026-05-03T20:32:36.000Z,senior
192,Excelente,89,CloudWalk,Backend Software Engineer,<https://himalayas.app/companies/cloudwalk/jobs/backend-software-engineer>,himalayas,Remote / Brazil,Brazil-based or Remote Brazil,brazil,Pleno,typescript; architecture; cloud; backend,2026-05-07T23:38:28.000Z,pleno
193,Excelente,89,iFood,Software Engineer Senior Backend - ADS,<https://himalayas.app/companies/ifood/jobs/software-engineer-senior-backend-ads>,himalayas,"Remote / Angola, Brazil, Cabo Verde, Guinea-Bissau, Mozambique, Portugal, Sao Tome and Principe, Timor-Leste",Brazil-friendly remote,brazil_friendly,Senior,aws; architecture; cloud; backend; frontend; api; go,2026-05-01T14:15:16.000Z,senior
194,Excelente,85,Railway,Senior Infra Engineer: Baremetal Orchestration,<https://jobs.ashbyhq.com/railway/d93c8794-6058-4295-83a0-092b05664f34>,ashby,Global,worldwide-compatible remote,international,Senior,terraform; typescript; docker; distributed systems; platform; go,2026-05-08,senior
195,Excelente,87,Tether Operations Limited,Staff Node.js Engineer - 100% remote,<https://himalayas.app/companies/tether-operations-limited/jobs/staff-node-js-engineer-100-remote>,himalayas,Remote,worldwide-compatible remote,international,Staff,javascript; typescript; node; docker; microservices; kubernetes; distributed systems; architecture; platform; backend; api,2026-05-02T10:48:40.000Z,staff
196,Excelente,87,Tether Operations Limited,Senior Frontend Developer (100% remote),<https://himalayas.app/companies/tether-operations-limited/jobs/senior-frontend-developer-100-remote-5173508678>,himalayas,Remote,worldwide-compatible remote,international,Senior,javascript; typescript; reactjs; node; scrum; architecture; platform; backend; frontend; api; go; java,2026-05-08T20:32:54.000Z,senior
197,Excelente,86,Twilio,Staff Analytics Engineer,<https://job-boards.greenhouse.io/twilio/jobs/7551660>,greenhouse,Remote - US,worldwide-compatible remote,international,Staff,aws; typescript; express; api; python,2026-01-21T16:11:38.000Z,staff
198,Excelente,88,Twilio,"Staff Engineer, AI Security",<https://job-boards.greenhouse.io/twilio/jobs/7821462>,greenhouse,Remote - Ireland,worldwide-compatible remote,international,Staff,aws; typescript; express; api; go; python,2026-04-17T15:25:27.000Z,staff
199,Excelente,86,Talkover AI,Desenvolvedor(a) PHP Laravel + Python | Pleno,<https://programathor.com.br/jobs/33467-desenvolvedor-a-php-laravel-python-pleno>,programathor,Remoto,Brazil-based or Remote Brazil,brazil,Pleno,api; python,,pleno
200,Excelente,86,CI&T,[Job - 29294] Desenvolvedor Cobol Pleno/Sênior,<https://himalayas.app/companies/ci-t/jobs/job-29294-desenvolvedor-cobol-pleno-senior>,himalayas,Remote / Brazil,Brazil-based or Remote Brazil,brazil,Senior,typescript; scrum; platform,2026-05-10T01:01:45.000Z,senior
201,Excelente,85,Canonical,Solutions Architect for Automotive,<https://job-boards.greenhouse.io/canonical/jobs/6292448>,greenhouse,Home based - Worldwide,worldwide-compatible remote,international,Architect,typescript; kubernetes; cloud; platform; api; go; python,2025-10-08T12:41:30.000Z,arq
202,Excelente,88,N-iX,Senior Automation QA Engineer (Manual expertise),<https://himalayas.app/companies/n-ix/jobs/senior-automation-qa-engineer-manual-expertise>,himalayas,Remote / Brazil,Brazil-based or Remote Brazil,brazil,Senior,typescript; go,2026-05-07T22:55:55.000Z,qa
203,Excelente,89,Twilio,Senior Software Engineer,<https://job-boards.greenhouse.io/twilio/jobs/7234666>,greenhouse,Remote - Ireland,worldwide-compatible remote,international,Senior,aws; terraform; typescript; express; docker; microservices; kubernetes; platform; api; go; java,2026-04-17T17:02:56.000Z,senior
204,Excelente,85,CI&T,"Senior iOS Developer, Brazil",<https://himalayas.app/companies/ci-t/jobs/senior-ios-developer-brazil>,himalayas,Remote / Brazil,Brazil-based or Remote Brazil,brazil,Senior,typescript; platform,2026-05-01T20:52:54.000Z,senior
205,Excelente,89,Canonical,Software Architect - Containers / Virtualisation,<https://job-boards.greenhouse.io/canonical/jobs/5881447>,greenhouse,Home Based - Americas; Home based - EMEA,worldwide-compatible remote,international,Architect,typescript; docker; distributed systems; architecture; cloud; platform; api; go,2025-02-27T17:26:59.000Z,arq
206,Excelente,89,Twilio,"Software Architect, Reliability Engineering",<https://job-boards.greenhouse.io/twilio/jobs/7658259>,greenhouse,Remote - US,worldwide-compatible remote,international,Architect,aws; terraform; typescript; express; microservices; kubernetes; distributed systems; architecture; cloud; backend; api; go; python; java,2026-02-26T18:48:21.000Z,arq
207,Excelente,87,engage CRM,📍 PRESENCIAL - SOMENTE PARA CANDIDATOS NO LOCAL Desenvolvedor(a) Web Full Stack Júnior (PHP / JavaScript / React),<https://www.programathor.com.br/jobs/33503-desenvolvedor-a-web-full-stack-junior-php-javascript-react>,browser_mcp,São Paulo (Presencial),Brazil-based or Remote Brazil,brazil,Junior,javascript; reactjs; java,,junior
208,Excelente,85,Wavelo,Solutions Architect,<https://himalayas.app/companies/wavelo/jobs/solutions-architect>,himalayas,Remote,worldwide-compatible remote,international,Architect,typescript; scrum; architecture; go,2026-05-09T17:22:56.000Z,arq
209,Excelente,89,Resend,"Backend Engineer, Core Sending",<https://jobs.ashbyhq.com/resend/a95832a8-a2ab-4a63-8303-9989f1fc47d6>,ashby,Americas / Remote / Full-time,LATAM remote,latam,Pleno,aws; typescript; postgres; architecture; cloud; platform; backend; api; go,2026-05-07,pleno
210,Excelente,86,Remote,Senior Backend Engineer (Elixir),<https://himalayas.app/companies/remote/jobs/senior-backend-engineer-elixir-7085401050>,himalayas,Remote,worldwide-compatible remote,international,Senior,aws; javascript; typescript; reactjs; postgres; docker; kubernetes; platform; backend; frontend; api; go,2026-05-07T11:14:53.000Z,senior
211,Excelente,86,Remote,Senior Backend Engineer,<https://himalayas.app/companies/remote/jobs/senior-backend-engineer-9366754668>,himalayas,Remote,worldwide-compatible remote,international,Senior,aws; javascript; typescript; reactjs; postgres; docker; kubernetes; platform; backend; frontend; api; go,2026-05-03T04:17:00.000Z,senior
212,Otima,80,Canonical,Senior/Staff/Principal Engineer,<https://job-boards.greenhouse.io/canonical/jobs/5142887>,greenhouse,Home based - Worldwide,worldwide-compatible remote,international,Principal,typescript; reactjs; docker; kubernetes; distributed systems; architecture; cloud; platform; frontend; api; go; python,2023-09-22T08:19:10.000Z,staff
213,Otima,82,CI&T,"[Job - 29300] Senior Devops, Brazil",<https://himalayas.app/companies/ci-t/jobs/job-29300-senior-devops-brazil>,himalayas,Remote / Brazil,Brazil-based or Remote Brazil,brazil,Senior,aws; typescript; docker; cloud; platform; python,2026-05-12T15:30:50.000Z,devops
214,Otima,83,CSG,Platform Engineer I,<https://himalayas.app/companies/csg/jobs/platform-engineer-i-6045351218>,himalayas,Remote / Brazil,Brazil-based or Remote Brazil,brazil,Unspecified,aws; terraform; typescript; cloud; platform; go; python,2026-05-13T06:43:25.000Z,devops
215,Otima,79,Mandic Cloud Solution,Vencida Desenvolvedor(a) Back End Pleno,<https://www.programathor.com.br/jobs/13150-desenvolvedor-a-back-end-pleno>,browser_mcp,Remoto,Brazil-based or Remote Brazil,brazil,Pleno,backend,,pleno
216,Otima,83,Transaction Network Services,Cloud Infrastructure Engineer,<https://himalayas.app/companies/transaction-network-services/jobs/cloud-infrastructure-engineer>,himalayas,Remote / Brazil,Brazil-based or Remote Brazil,brazil,Unspecified,aws; terraform; typescript; express; architecture; cloud; platform; go,2026-05-13T06:05:05.000Z,devops
217,Otima,79,Experian,Especialista de SRE I,<https://himalayas.app/companies/experian/jobs/especialista-de-sre-i>,himalayas,Remote / Brazil,Brazil-based or Remote Brazil,brazil,Unspecified,aws; terraform; typescript; docker; kubernetes; architecture; cloud; go,2026-05-01T20:35:59.000Z,devops
218,Otima,79,Experian,Analista de Sistemas Junior,<https://himalayas.app/companies/experian/jobs/analista-de-sistemas-junior>,himalayas,Remote / Brazil,Brazil-based or Remote Brazil,brazil,Junior,typescript; api,2026-05-07T12:28:19.000Z,junior
219,Otima,80,Cotiviti,Junior DevOps Engineer_ Full stack,<https://himalayas.app/companies/cotiviti/jobs/junior-devops-engineer_-full-stack>,himalayas,Remote,Brazil-friendly remote,brazil_friendly,Junior,aws; javascript; typescript; postgres; html-css; kubernetes; cloud; platform; backend; java,2026-05-14T13:31:39.000Z,devops
220,Otima,83,CommandLink,Senior Network Engineer,<https://himalayas.app/companies/ats-rippling/jobs/senior-network-engineer-4518034183>,himalayas,"Remote / Argentina, Brazil, Chile, Colombia, Ireland, Mexico, Philippines, United Kingdom",Brazil-friendly remote,brazil_friendly,Senior,typescript; platform,2026-05-08T14:49:38.000Z,senior
221,Otima,79,Twilio,Staff Software Engineer (L4) Data Platform,<https://job-boards.greenhouse.io/twilio/jobs/7782805>,greenhouse,Remote - US,worldwide-compatible remote,international,Staff,aws; typescript; express; distributed systems; architecture; platform; api; python; java,2026-04-06T22:00:59.000Z,staff
222,Otima,80,Damia Group,Cloud Engineer (AWS/Azure),<https://himalayas.app/companies/damia-group/jobs/cloud-engineer-aws-azure>,himalayas,"Remote / Brazil, Portugal",Brazil-friendly remote,brazil_friendly,Unspecified,aws; terraform; typescript; azure; cloud,2026-05-14T10:50:35.000Z,devops
223,Otima,83,Twilio,Staff Machine Learning Engineer,<https://job-boards.greenhouse.io/twilio/jobs/7061880>,greenhouse,Remote - US,worldwide-compatible remote,international,Staff,aws; terraform; typescript; express; docker; gcp; azure; kubernetes; cloud; platform; api; python,2025-08-06T17:22:39.000Z,staff
224,Otima,82,Guide HR Consultoria de Capital Humano,Vencida Desenvolvedor(a) Sênior PHP / JavaScript / MySQL,<https://www.programathor.com.br/jobs/17477-desenvolvedor-a-senior-php-javascript-mysql>,browser_mcp,"São José do Rio Preto, SP (Presencial)",Brazil-based or Remote Brazil,brazil,Senior,javascript; java,,senior
225,Otima,80,Twilio,Senior Infrastructure Engineer,<https://job-boards.greenhouse.io/twilio/jobs/7474040>,greenhouse,Remote - US,worldwide-compatible remote,international,Senior,aws; terraform; typescript; express; docker; kubernetes; distributed systems; architecture; cloud; platform; api,2026-01-07T22:32:48.000Z,devops
226,Otima,80,Enghouse Systems,DevOps Engineer (Pleno),<https://himalayas.app/companies/enghouse-systems/jobs/devops-engineer-pleno>,himalayas,Remote / Brazil,Brazil-based or Remote Brazil,brazil,Pleno,aws; terraform; javascript; typescript; postgres; docker; microservices; scrum; gcp; azure; kubernetes; architecture; cloud; platform; go; python; java,2026-05-04T19:05:41.000Z,devops
227,Otima,84,Yellow Card,Senior AI Platform Engineer,<https://himalayas.app/companies/yellow-card/jobs/senior-ai-platform-engineer>,himalayas,Remote,worldwide-compatible remote,international,Senior,aws; typescript; microservices; kubernetes; architecture; cloud; platform; api; go,2026-05-02T14:26:29.000Z,devops
228,Otima,80,Canonical,Rust Engineering Lead - Linux and Open Source,<https://job-boards.greenhouse.io/canonical/jobs/5833620>,greenhouse,Home based - Worldwide,worldwide-compatible remote,international,Lead,typescript; reactjs; kubernetes; distributed systems; cloud; platform; frontend; api; go; python,2024-04-04T23:01:02.000Z,senior
229,Otima,82,Railway,Senior Infra Engineer: Observability,<https://jobs.ashbyhq.com/railway/4856389c-44d8-4635-ba51-5fc1b8a49ca8>,ashby,Global,worldwide-compatible remote,international,Senior,terraform; typescript; graphql; distributed systems; platform; backend; api; go,2026-05-01,senior
230,Otima,82,Truelogic,Senior QA Automation - Advertising,<https://himalayas.app/companies/truelogic-io/jobs/senior-qa-automation-advertising-2796336696>,himalayas,Remote / Brazil,Brazil-based or Remote Brazil,brazil,Senior,javascript; typescript; html-css; scrum; platform; api; python; java,2026-05-13T15:00:49.000Z,qa
231,Otima,81,Ben Fatto,Analista Desenvolvedor de Integrações OSGT,<https://himalayas.app/companies/ben-fatto/jobs/analista-desenvolvedor-de-integracoes-osgt>,himalayas,Remote / Brazil,Brazil-based or Remote Brazil,brazil,Pleno,typescript; api; go,2026-05-03T06:00:55.000Z,pleno
232,Otima,83,CI&T,"[Job - 29298] Master Devops, Brazil",<https://himalayas.app/companies/ci-t/jobs/job-29298-master-devops-brazil>,himalayas,Remote / Brazil,Brazil-based or Remote Brazil,brazil,Unspecified,aws; terraform; typescript; docker; kubernetes; architecture; cloud; platform; python,2026-05-12T14:34:52.000Z,devops
233,Otima,81,Articul8,Software Engineer (India),<https://himalayas.app/companies/articul8/jobs/software-engineer-india>,himalayas,Remote / Brazil,Brazil-based or Remote Brazil,brazil,Pleno,typescript; backend,2026-05-07T15:58:13.000Z,pleno
234,Otima,84,Bitfinex,"Senior Backend Developer - Node.js (Fully Remote, Worldwide)",<https://himalayas.app/companies/bitfinex/jobs/senior-backend-developer-node-js-fully-remote-worldwide>,himalayas,Remote,worldwide-compatible remote,international,Senior,aws; javascript; typescript; node; redis; microservices; scrum; architecture; platform; backend; api; go; java,2026-05-05T20:32:55.000Z,senior
235,Otima,84,Distribusion Technologies GmbH,Senior DevOps Engineer (all genders),<https://himalayas.app/companies/distribusion-technologies-gmbh/jobs/senior-devops-engineer-all-genders>,himalayas,Remote,worldwide-compatible remote,international,Senior,aws; terraform; typescript; docker; gcp; azure; kubernetes; cloud; platform; api; go; python,2026-05-04T16:07:01.000Z,devops
236,Otima,79,LUZA Group,Desenvolvedor Back-End,<https://himalayas.app/companies/luza-group/jobs/desenvolvedor-back-end>,himalayas,Remote / Brazil,Brazil-based or Remote Brazil,brazil,Pleno,architecture; backend; go; java,2026-05-02T04:19:27.000Z,pleno
237,Otima,84,Bluelight Consulting,"Data Engineer, Azure - Remote, Latin America",<https://himalayas.app/companies/bluelightconsulting/jobs/data-engineer-azure-remote-latin-america-5851449363>,himalayas,Remote / Brazil,Brazil-based or Remote Brazil,brazil,Pleno,typescript; azure; python,2026-05-08T22:26:56.000Z,pleno
238,Otima,79,Interview Kickstart,"Software Engineer 1, Fullstack",<https://himalayas.app/companies/interview-kickstart/jobs/software-engineer-1-fullstack>,himalayas,Remote,Brazil-friendly remote,brazil_friendly,Pleno,typescript; platform; go,2026-05-12T17:16:32.000Z,pleno
239,Otima,70,36X Game Studio,Vencida Desenvolvedor(a) C# / unity3D / AR Foundation,<https://www.programathor.com.br/jobs/12931-desenvolvedor-a-c-unity3d-ar-foundation>,browser_mcp,Remoto,Brazil-based or Remote Brazil,brazil,Pleno,,,pleno
240,Otima,77,Chainstack,Infrastructure Engineer (LATAM time zone),<https://himalayas.app/companies/chainstack/jobs/infrastructure-engineer-latam-time-zone>,himalayas,"Remote / Argentina, Brazil, Chile, Colombia, Mexico",Brazil-friendly remote,brazil_friendly,Unspecified,aws; terraform; typescript; postgres; redis; docker; gcp; azure; kubernetes; cloud; platform; go; python,2026-05-08T20:32:45.000Z,devops
241,Otima,78,Sardine,Data Platform Engineer,<https://himalayas.app/companies/sardine/jobs/data-platform-engineer>,himalayas,Remote / Brazil,Brazil-based or Remote Brazil,brazil,Unspecified,aws; typescript; docker; gcp; kubernetes; platform; backend; api; go; python; java,2026-05-08T05:27:09.000Z,devops
242,Otima,73,SIPEngines,Semi Senior VoIP Infrastructure SRE,<https://www.getonbrd.com/jobs/senior-voip-infrastructure-sre-sipengines-remote>,getonboard,"Remote / Central America, South America",LATAM remote,latam,Senior,aws; terraform; typescript; distributed systems; cloud; platform; python,2026-05-05T17:43:26.000Z,devops
243,Otima,75,Canonical,Senior Site Reliability Engineer,<https://job-boards.greenhouse.io/canonical/jobs/3029798>,greenhouse,Home based - Worldwide,worldwide-compatible remote,international,Senior,typescript; docker; kubernetes; cloud; platform; api; go; python,2021-03-31T05:41:45.000Z,devops
244,Otima,75,Canonical,Embedded Linux Senior Software Engineer - Optimisation,<https://job-boards.greenhouse.io/canonical/jobs/6189337>,greenhouse,Home based - Worldwide,worldwide-compatible remote,international,Senior,typescript; docker; kubernetes; architecture; cloud; platform; go,2025-02-11T00:06:02.000Z,senior
245,Otima,77,RD Station,Engenharia de Software em Testes (SDET) Pleno — Foco em IA | RD Station (Remoto),<https://himalayas.app/companies/rd-station/jobs/engenharia-de-software-em-testes-sdet-pleno-foco-em-ia-rd-station-remoto-3020404091>,himalayas,Remote / Brazil,Brazil-based or Remote Brazil,brazil,Pleno,reactjs; architecture; backend; frontend; api; go; python,2026-05-10T01:46:28.000Z,qa
246,Otima,74,Buzz Solutions,Applied Machine Learning Platform Engineer,<https://himalayas.app/companies/buzz-solutions/jobs/applied-machine-learning-platform-engineer>,himalayas,Remote,Brazil-friendly remote,brazil_friendly,Unspecified,aws; terraform; typescript; node; postgres; docker; gcp; kubernetes; cloud; platform; backend; api; python,2026-05-02T11:53:10.000Z,devops
247,Otima,75,Trustly,"Associate Product Manager, FIC Support",<https://himalayas.app/companies/trustly-com/jobs/associate-product-manager-fic-support>,himalayas,Remote / Brazil,Brazil-based or Remote Brazil,brazil,Unspecified,javascript; typescript; scrum; platform; api,2026-05-11T20:31:39.000Z,management
248,Otima,77,Mozilla,"Senior Product Manager, Advertising Products",<https://himalayas.app/companies/mozilla/jobs/senior-product-manager-advertising-products>,himalayas,Remote,Brazil-friendly remote,brazil_friendly,Senior,aws; typescript; express; redis; cloud; platform; api,2026-05-01T09:48:08.000Z,management
249,Otima,76,TRE ALTAMIRA Srl,Senior Golang Developer,<https://remoteok.com/remote-jobs/remote-senior-golang-developer-tre-altamira-srl-1131593>,remoteok,,worldwide-compatible remote,international,Senior,typescript; go,2026-05-14T14:00:02.000Z,senior
250,Otima,74,Interview Kickstart,Software Development Engineer in Test 2,<https://himalayas.app/companies/interview-kickstart/jobs/software-development-engineer-in-test-2>,himalayas,Remote,Brazil-friendly remote,brazil_friendly,Unspecified,javascript; typescript; platform; api; go; python; java,2026-05-12T06:49:18.000Z,qa
251,Otima,75,Canonical,Senior Juju Software Engineer (Go),<https://job-boards.greenhouse.io/canonical/jobs/5566674>,greenhouse,Home based - Worldwide,worldwide-compatible remote,international,Senior,terraform; typescript; docker; scrum; kubernetes; distributed systems; cloud; platform; api; go,2023-12-13T09:45:50.000Z,senior
252,Otima,73,RecargaPay,Sr Product Owner (Anti-Fraud),<https://himalayas.app/companies/recargapay-com/jobs/sr-product-owner-anti-fraud>,himalayas,Remote / Brazil,Brazil-based or Remote Brazil,brazil,Senior,typescript; express; api; go,2026-05-09T12:42:11.000Z,management
253,Otima,78,Addvisor Consulting (VSG Consultoria Empresarial Ltda),Arquiteto(a) de Soluções Sênior NOVA,<https://www.programathor.com.br/jobs/33517-arquiteto-a-de-solucoes-senior>,browser_mcp,Remoto,Brazil-based or Remote Brazil,brazil,Architect,,,arq
254,Otima,76,Extractta,Desenvolvedor (a) Frontend React Especialista (Híbrido em SP),<https://extractta.gupy.io/job/eyJqb2JJZCI6MTEyODM4MDQsInNvdXJjZSI6Imd1cHlfcG9ydGFsIn0=?jobBoardSource=gupy_portal>,browser_mcp,São Paulo,Brazil-based or Remote Brazil,brazil,Pleno,reactjs; frontend,,pleno
255,Otima,75,Pavago,DevOps Engineer,<https://himalayas.app/companies/pavago/jobs/devops-engineer-7140173063>,himalayas,Remote / Brazil,Brazil-based or Remote Brazil,brazil,Unspecified,aws; typescript; docker; gcp; azure; kubernetes; cloud,2026-05-01T14:57:54.000Z,devops
256,Otima,76,Garner Health,"Manager, Engineering (Platform)",<https://himalayas.app/companies/garner-health/jobs/manager-engineering-platform>,himalayas,Remote,Brazil-friendly remote,brazil_friendly,Unspecified,aws; terraform; typescript; express; kubernetes; platform; go; python,2026-05-02T06:00:53.000Z,management
257,Otima,75,Canonical,Senior Software Engineer - MAAS,<https://job-boards.greenhouse.io/canonical/jobs/3003389>,greenhouse,Home Based - Americas; Home based - EMEA,worldwide-compatible remote,international,Senior,typescript; reactjs; docker; architecture; cloud; platform; backend; frontend; api; go; python,2021-03-29T09:18:26.000Z,senior
258,Otima,78,Fortis Games,Principal Product Manager (Platform),<https://himalayas.app/companies/fortis-games/jobs/principal-product-manager-platform-8909703684>,himalayas,Remote / Brazil,Brazil-based or Remote Brazil,brazil,Principal,typescript; express; architecture; platform; go,2026-05-12T20:53:13.000Z,management
259,Otima,76,Twilio,Senior Software Engineer,<https://job-boards.greenhouse.io/twilio/jobs/7595407>,greenhouse,Remote - US,worldwide-compatible remote,international,Senior,javascript; typescript; express; architecture; platform; api; go; java,2026-02-19T18:50:01.000Z,senior
260,Otima,75,Canonical,Staff Software Engineer for Identity Management (Go/Golang),<https://job-boards.greenhouse.io/canonical/jobs/3880952>,greenhouse,Home Based - Americas; Home based - EMEA,worldwide-compatible remote,international,Staff,typescript; distributed systems; cloud; platform; frontend; api; go; python,2022-07-13T06:37:32.000Z,staff
261,Otima,76,CI&T,[Job- 29350] Senior Product Manager,<https://himalayas.app/companies/ci-t/jobs/job-29350-senior-product-manager>,himalayas,Remote / Brazil,Brazil-based or Remote Brazil,brazil,Senior,typescript; scrum; platform; backend; api,2026-05-15T09:57:16.000Z,management
262,Otima,75,Canonical,Senior Site Reliability / Gitops Engineer,<https://job-boards.greenhouse.io/canonical/jobs/5517891>,greenhouse,Home based - Worldwide,worldwide-compatible remote,international,Senior,typescript; kubernetes; distributed systems; architecture; cloud; platform; api; python,2023-11-20T10:31:05.000Z,senior
263,Otima,74,Canonical,Software Engineer - Ubuntu Server Certification,<https://job-boards.greenhouse.io/canonical/jobs/4272811>,greenhouse,Home Based - Americas,LATAM remote,latam,Pleno,typescript; docker; cloud; platform; go; python,2022-05-25T16:12:23.000Z,pleno
264,Otima,75,Canonical,Ubuntu Engineering Lead,<https://job-boards.greenhouse.io/canonical/jobs/6707885>,greenhouse,Home based - Worldwide,worldwide-compatible remote,international,Lead,typescript; architecture; cloud; platform; api; go; python,2025-11-07T16:36:27.000Z,senior
265,Otima,75,Canonical,Linux Platform Integration - Ubuntu Systems Senior Engineer,<https://job-boards.greenhouse.io/canonical/jobs/6062471>,greenhouse,Home based - Worldwide,worldwide-compatible remote,international,Senior,typescript; docker; kubernetes; architecture; cloud; platform; go; python,2024-06-23T21:18:20.000Z,senior
266,Boa,58,Invest Prime,Vencida Desenvolvedor(a) Júnior,<https://www.programathor.com.br/jobs/26786-desenvolvedor-a-junior>,browser_mcp,"Rio de Janeiro, Rio de Janeiro, Brasil (Presencial)",Brazil-based or Remote Brazil,brazil,Junior,,,junior
267,Boa,67,Segarante,[Remoto] Desenvolvedor(a) Back-End Sênior - Ruby on Rails,<https://www.programathor.com.br/jobs/33484-remoto-desenvolvedor-a-back-end-senior-ruby-on-rails>,browser_mcp,Remoto,Brazil-based or Remote Brazil,brazil,Senior,backend,,senior
268,Otima,71,Canonical,Senior Software Engineer - Python/Golang - Kubernetes,<https://job-boards.greenhouse.io/canonical/jobs/7774649>,greenhouse,Home Based - Americas; Home based - EMEA,worldwide-compatible remote,international,Senior,typescript; kubernetes; cloud; platform; api; go; python,2026-04-02T10:16:41.000Z,senior
269,Boa,67,Twilio,"Senior Manager, Developer Evangelism",<https://job-boards.greenhouse.io/twilio/jobs/7805163>,greenhouse,Remote - US,worldwide-compatible remote,international,Senior,typescript; express; api,2026-04-16T15:21:22.000Z,senior
270,Boa,67,Flash,Staff Product Manager,<https://himalayas.app/companies/flashapp-com/jobs/staff-product-manager>,himalayas,Remote / Brazil,Brazil-based or Remote Brazil,brazil,Staff,typescript; platform; api; go,2026-05-03T02:54:05.000Z,management
271,Boa,67,BM Vagas - Unidade Prado Casal,Programador(a) Front-end Delphi Pleno,<https://www.programathor.com.br/jobs/33488-programador-a-front-end-delphi-pleno>,browser_mcp,Cruzeiro-SP (Presencial),Brazil-based or Remote Brazil,brazil,Pleno,frontend,,pleno
272,Otima,70,KLB Group,Vencida DESENVOLVEDOR(A) FLUTTER,<https://www.programathor.com.br/jobs/16283-desenvolvedor-a-flutter>,browser_mcp,Remoto,Brazil-based or Remote Brazil,brazil,Pleno,,,pleno
273,Boa,69,Twilio,Senior Value Engineer,<https://job-boards.greenhouse.io/twilio/jobs/7743247>,greenhouse,Remote - US,worldwide-compatible remote,international,Senior,typescript; express; platform; api; go,2026-03-26T01:25:53.000Z,senior
274,Boa,69,Pavago,QA Automation Engineer,<https://himalayas.app/companies/pavago/jobs/qa-automation-engineer-1585775179>,himalayas,Remote / Brazil,Brazil-based or Remote Brazil,brazil,Unspecified,typescript; backend; frontend; go,2026-05-09T20:57:18.000Z,qa
275,Otima,70,PopHaus,Vencida Desenvolvedor(a) Full Stack Pleno,<https://www.programathor.com.br/jobs/12323-desenvolvedor-a-full-stack-pleno>,browser_mcp,Remoto,Brazil-based or Remote Brazil,brazil,Pleno,,,pleno
276,Otima,72,AE Digital,Desenvolvedor(a) Full Stack React Sênior,<https://www.programathor.com.br/jobs/33453-desenvolvedor-a-full-stack-react-senior>,browser_mcp,Remoto,Brazil-based or Remote Brazil,brazil,Senior,reactjs,,senior
277,Otima,70,Wase Tecnologia,Vencida Programador(a) PHP,<https://www.programathor.com.br/jobs/13029-programador-a-php>,browser_mcp,Remoto,Brazil-based or Remote Brazil,brazil,Pleno,,,pleno
278,Otima,72,Crescer RH,Desenvolvedor(a) Java Jr - PJ,<https://www.programathor.com.br/jobs/33477-desenvolvedor-a-java-jr-pj>,browser_mcp,Belo Horizonte (Híbrido),Brazil-based or Remote Brazil,brazil,Junior,java,,junior
279,Otima,70,Chainlink Labs,"Engineering Manager, Operations Platform",<https://himalayas.app/companies/chainlink-labs/jobs/engineering-manager-operations-platform-2823034089>,himalayas,"Remote / Argentina, Brazil, Canada, Mexico, United States",Brazil-friendly remote,brazil_friendly,Unspecified,aws; typescript; node; scrum; distributed systems; architecture; cloud; platform; api; go,2026-05-04T03:34:49.000Z,management
280,Otima,71,CSG,Test Engineer Sr,<https://himalayas.app/companies/csg/jobs/test-engineer-sr>,himalayas,Remote / Brazil,Brazil-based or Remote Brazil,brazil,Senior,typescript; scrum; architecture; platform; api; go,2026-05-02T22:19:38.000Z,qa
281,Boa,67,Canonical,"Staff Engineer, Development Lifecycle",<https://job-boards.greenhouse.io/canonical/jobs/5103218>,greenhouse,Home Based - Americas; Home based - EMEA,worldwide-compatible remote,international,Staff,typescript; scrum; cloud; platform,2023-10-04T14:52:49.000Z,staff
282,Otima,70,Nucont,Vencida Desenvolvedor(a) Pleno,<https://www.programathor.com.br/jobs/10683-desenvolvedor-a-pleno>,browser_mcp,Remoto,Brazil-based or Remote Brazil,brazil,Pleno,,,pleno
283,Otima,70,Talent Group,Vencida 9274 - Analista Desenvolvedor(a) Full Stack C#,<https://www.programathor.com.br/jobs/15335-9274-analista-desenvolvedor-a-full-stack-c>,browser_mcp,Remoto,Brazil-based or Remote Brazil,brazil,Pleno,,,pleno
284,Otima,70,Trustly,"Senior Product Manager, FIC",<https://himalayas.app/companies/trustly-com/jobs/senior-product-manager-fic>,himalayas,Remote / Brazil,Brazil-based or Remote Brazil,brazil,Senior,typescript; scrum; platform; api,2026-05-10T20:31:50.000Z,management
285,Boa,69,CI&T,"[Job-29223] Senior Technical Product Owner, Brazil",<https://himalayas.app/companies/ci-t/jobs/job-29223-senior-technical-product-owner-brazil>,himalayas,Remote / Brazil,Brazil-based or Remote Brazil,brazil,Senior,typescript; scrum; platform; go,2026-05-11T12:00:51.000Z,management
286,Boa,67,HostGator,Product Manager Senior (Hosting Avançado),<https://himalayas.app/companies/hostgator/jobs/product-manager-senior-hosting-avancado>,himalayas,Remote / Brazil,Brazil-based or Remote Brazil,brazil,Senior,typescript; scrum,2026-05-07T22:25:32.000Z,management
287,Boa,69,MongoDB,Solutions Architect,<https://www.mongodb.com/careers/job/?gh_jid=7866797>,greenhouse,Mexico City; São Paulo,Brazil-based or Remote Brazil,brazil,Architect,aws; javascript; typescript; reactjs; node; microservices; gcp; azure; kubernetes; distributed systems; architecture; cloud; platform; api; go; python; java,2026-05-01T18:50:18.000Z,arq
288,Boa,67,RecargaPay,Product Owner (Pix com Cartão de Crédito),<https://himalayas.app/companies/recargapay-com/jobs/product-owner-pix-com-cartao-de-credito-190891542>,himalayas,Remote / Brazil,Brazil-based or Remote Brazil,brazil,Unspecified,typescript; scrum; api; go,2026-05-09T22:42:11.000Z,management
289,Otima,72,WeFit,Desenvolvedor(a) React Sênior Temporário,<https://www.programathor.com.br/jobs/33485-desenvolvedor-a-react-senior-temporario>,browser_mcp,Remoto,Brazil-based or Remote Brazil,brazil,Senior,reactjs,,senior
290,Otima,71,CI&T,"[job 29245] Senior Quality Assurance with Automation, Brazil",<https://himalayas.app/companies/ci-t/jobs/job-29245-senior-quality-assurance-with-automation-brazil>,himalayas,Remote / Brazil,Brazil-based or Remote Brazil,brazil,Senior,typescript; scrum; architecture; go,2026-05-08T08:16:32.000Z,qa
291,Boa,68,BM Vagas - Unidade Prado Casal,Programador(a) Front-end Delphi Júnior,<https://www.programathor.com.br/jobs/33491-programador-a-front-end-delphi-junior>,browser_mcp,Cruzeiro-SP (Presencial),Brazil-based or Remote Brazil,brazil,Junior,frontend,,junior
292,Otima,70,MongoDB,Senior Partner Solutions Architect,<https://www.mongodb.com/careers/job/?gh_jid=7700740>,greenhouse,São Paulo,Brazil-based or Remote Brazil,brazil,Architect,aws; javascript; typescript; reactjs; node; microservices; gcp; azure; kubernetes; distributed systems; architecture; cloud; platform; api; go; python; java,2026-03-10T17:43:38.000Z,arq
293,Boa,65,LUZA Group,Product Owner (PO) de BI / Data Analytics,<https://himalayas.app/companies/luza-group/jobs/product-owner-po-de-bi-data-analytics>,himalayas,Remote / Brazil,Brazil-based or Remote Brazil,brazil,Unspecified,typescript; scrum; architecture; go,2026-05-07T14:07:50.000Z,management
294,Boa,65,DQR TECH,Desenvolvedor(a) .Net Pleno - Híbrido RJ,<https://www.programathor.com.br/jobs/33464-desenvolvedor-a-net-pleno-hibrido-rj>,browser_mcp,Rio de Janeiro (Híbrido),Brazil-based or Remote Brazil,brazil,Pleno,,,pleno
295,Boa,64,InfoIdeias Software e Consultoria,Desenvolvedor(a) Delphi Sênior,<https://programathor.com.br/jobs/33473-desenvolvedor-a-delphi-senior>,programathor,Remoto,Brazil-based or Remote Brazil,brazil,Senior,,,senior
296,Boa,63,Prhospect soluções em R&amp;S,Desenvolvedor(a) Full Stack Pleno - PHP/Laravel NOVA,<https://www.programathor.com.br/jobs/33509-desenvolvedor-a-full-stack-pleno-php-laravel>,browser_mcp,Salvador (Híbrido),Brazil-based or Remote Brazil,brazil,Pleno,,,pleno
297,Boa,66,Franklin Energy,Marketing - Merchandising Product Manager,<https://himalayas.app/companies/franklin-energy/jobs/marketing-merchandising-product-manager-2410720154>,himalayas,Remote,Brazil-friendly remote,brazil_friendly,Unspecified,aws; typescript; platform; go,2026-05-03T03:12:23.000Z,management
298,Boa,62,Experian,QA Engineering Specialist,<https://himalayas.app/companies/experian/jobs/qa-engineering-specialist>,himalayas,Remote / Brazil,Brazil-based or Remote Brazil,brazil,Unspecified,typescript; api; go,2026-05-01T23:41:35.000Z,qa
299,Boa,64,Bling,Vencida Desenvolvedor(a) Full Stack Sênior,<https://www.programathor.com.br/jobs/12829-desenvolvedor-a-full-stack-senior>,browser_mcp,Remoto,Brazil-based or Remote Brazil,brazil,Senior,,,senior
300,Boa,65,CenterWell Senior Primary Care,Lead Product Manager - AI Product Management,<https://himalayas.app/companies/centerwell-senior-primary-care/jobs/lead-product-manager-ai-product-management>,himalayas,"Remote / Algeria, Australia, Austria, Bangladesh, Belgium, Brazil, Canada, China, Czechia, Denmark, Egypt, Finland, France, Germany, Ghana, Greece, Hungary, India, Indonesia, Iran, Iraq, Israel, Italy, Japan, Kenya, Malaysia, Mexico, Morocco, Netherlands, Nigeria, Norway, Pakistan, Philippines, Poland, Portugal, Romania, Russian Federation, Saudi Arabia, Singapore, South Africa, South Korea, Spain, Sri Lanka, Sweden, Switzerland, Tanzania, Thailand, Turkey, Ukraine, United Kingdom, United States, Vietnam",Brazil-friendly remote,brazil_friendly,Lead,typescript; platform; go,2026-05-08T17:21:01.000Z,management
301,Boa,62,Pavago,Quality Assurance Engineer,<https://himalayas.app/companies/pavago/jobs/quality-assurance-engineer-4901089919>,himalayas,"Remote / Brazil, United States",Brazil-friendly remote,brazil_friendly,Unspecified,typescript; scrum,2026-05-14T05:18:17.000Z,qa
302,Boa,63,SimplyInsured,Lead Product Manager,<https://himalayas.app/companies/simplyinsured/jobs/lead-product-manager-2128862318>,himalayas,Remote,Brazil-friendly remote,brazil_friendly,Lead,typescript; platform; api,2026-05-02T08:50:35.000Z,management
303,Boa,66,ProConsult Engenharia,Programador(a) PHP Full Stack Pleno,<https://www.programathor.com.br/jobs/33487-programador-a-php-full-stack-pleno>,browser_mcp,São Paulo (Híbrido),Brazil-based or Remote Brazil,brazil,Pleno,,,pleno
304,Boa,66,Addvisor Consulting (VSG Consultoria Empresarial Ltda),Desenvolvedor(a) Full Stack .NET + Angular | IA NOVA,<https://www.programathor.com.br/jobs/33513-desenvolvedor-a-full-stack-net-angular-ia>,browser_mcp,São Paulo (Híbrido),Brazil-based or Remote Brazil,brazil,Pleno,,,pleno
305,Boa,65,Experian,Engenheiro de Automação (QA) Sênior,<https://himalayas.app/companies/experian/jobs/engenheiro-de-automacao-qa-senior>,himalayas,Remote / Brazil,Brazil-based or Remote Brazil,brazil,Senior,typescript; go; python,2026-05-07T16:34:06.000Z,qa
306,Boa,63,Coderslab.io,DevOps Engineer,<https://www.getonbrd.com/jobs/devops-engineer-coderslab-io-remote-a7e8>,getonboard,Remote / South America,worldwide-compatible remote,international,Unspecified,terraform; docker; scrum; gcp; azure; kubernetes; cloud; api; go,2026-05-14T13:56:55.000Z,devops
307,Boa,56,"Tritone Analytics, Inc",Data Platform Engineer (Data Quality & AI Workflows),<https://www.getonbrd.com/jobs/data-platform-engineer-data-quality-ai-workflows-tritone-analytics-inc-remote>,getonboard,"Remote / Mexico, Central America, South America",LATAM remote,latam,Unspecified,typescript; platform; python,2026-05-08T18:10:28.000Z,devops
308,Boa,55,IronFence AI,Programador(a) Pleno Full Stack | 100% PRESENCIAL BRASÍLIA-DF NOVA,<https://www.programathor.com.br/jobs/33508-programador-a-pleno-full-stack-100-presencial-brasilia-df>,browser_mcp,Brasília (Presencial),Brazil-based or Remote Brazil,brazil,Pleno,,,pleno
309,Boa,55,Town Web,Product Manager,<https://himalayas.app/companies/town-web/jobs/product-manager>,himalayas,"Remote / Argentina, Brazil, Chile, Nigeria, South Africa, Uruguay",Brazil-friendly remote,brazil_friendly,Unspecified,typescript; go,2026-05-03T05:10:55.000Z,management
310,Boa,60,Chronos Cap,Engenheiro(a) de QA - Python - Pleno,<https://www.programathor.com.br/jobs/33458-engenheiro-a-de-qa-python-pleno>,browser_mcp,Remoto,Brazil-based or Remote Brazil,brazil,Pleno,python,,qa
311,Boa,60,XKTalent Inc. - Rimutee,QA MANUAL SENIOR - REMOTO,<https://himalayas.app/companies/xktalent-inc-rimutee/jobs/qa-manual-senior-remoto>,himalayas,"Remote / Anguilla, Antigua and Barbuda, Argentina, Aruba, Bahamas, Barbados, Belize, Bermuda, Bolivia, Bonaire, Sint Eustatius and Saba, Brazil, Cayman Islands, Chile, Colombia, Costa Rica, Cuba, Dominica, Dominican Republic, Ecuador, El Salvador, Falkland Islands (Malvinas), Grenada, Guatemala, Guyana, Haiti, Honduras, Jamaica, Mexico, Montserrat, Nicaragua, Panama, Paraguay, Peru, Puerto Rico, Saint Kitts and Nevis, Saint Lucia, Saint Vincent and the Grenadines, South Georgia and the South Sandwich Islands, Suriname, Trinidad and Tobago, Turks and Caicos Islands, Uruguay, Venezuela, Virgin Islands, British, Virgin Islands, U.S.",Brazil-friendly remote,brazil_friendly,Senior,typescript; scrum; go,2026-05-05T20:32:58.000Z,qa
312,Boa,58,Tether Operations Limited,AI Product Manager (100% Remote),<https://himalayas.app/companies/tether-operations-limited/jobs/ai-product-manager-100-remote>,himalayas,Remote,worldwide-compatible remote,international,Unspecified,aws; typescript; gcp; azure; architecture; cloud; platform; api; go,2026-05-09T20:31:57.000Z,management
313,Boa,59,ALU,IT Quality Assurance Lead,<https://himalayas.app/companies/alu/jobs/it-quality-assurance-lead>,himalayas,Remote,worldwide-compatible remote,international,Lead,typescript; scrum; azure; platform; backend; api; go,2026-05-14T18:08:07.000Z,qa
314,Boa,60,Stripe,"Product Manager, Stripe Infrastructure",<https://stripe.com/jobs/search?gh_jid=6651889>,greenhouse,Remote in the US,worldwide-compatible remote,international,Unspecified,javascript; typescript; distributed systems; architecture; platform; api; go,2025-04-10T15:47:01.000Z,management
315,Boa,58,Twilio,"Staff, Product Manager",<https://job-boards.greenhouse.io/twilio/jobs/7821526>,greenhouse,Remote - US,worldwide-compatible remote,international,Staff,typescript; express; cloud; api; go,2026-04-16T15:55:01.000Z,management
316,Boa,60,Prhospect soluções em R&amp;S,DESENVOLVEDOR(A) FULL STACK SÊNIOR,<https://www.programathor.com.br/jobs/33494-desenvolvedor-a-full-stack-senior>,browser_mcp,São Paulo (Híbrido),Brazil-based or Remote Brazil,brazil,Senior,,,senior
317,Boa,58,Vagas Inmetrics,Tech Lead Java - Hibrido,<https://inmetrics.gupy.io/job/eyJqb2JJZCI6MTEyNzA3OTYsInNvdXJjZSI6Imd1cHlfcG9ydGFsIn0=?jobBoardSource=gupy_portal>,browser_mcp,São Paulo,Brazil-based or Remote Brazil,brazil,Lead,java,,senior
318,Boa,57,Red Sky,Reliability & Scale Engineer (DevOps/Cloud),<https://himalayas.app/companies/red-sky/jobs/reliability-scale-engineer-devops-cloud>,himalayas,Remote,Brazil-friendly remote,brazil_friendly,Unspecified,typescript; cloud; platform,2026-05-02T04:25:10.000Z,devops
319,Boa,55,Geisinger,"Senior Full Stack Engineer, AI Platform",<https://himalayas.app/companies/geisinger/jobs/senior-full-stack-engineer-ai-platform>,himalayas,"Remote / Australia, Brazil, Canada, France, Germany, India, Philippines, Spain, United Kingdom, United States",Brazil-friendly remote,brazil_friendly,Senior,typescript; reactjs; docker; architecture; platform; backend; frontend; api; go; python,2026-05-03T18:49:16.000Z,senior
320,Boa,58,Twilio,Staff Product Manager - Enterprise AI,<https://job-boards.greenhouse.io/twilio/jobs/7918885>,greenhouse,Remote - US,worldwide-compatible remote,international,Staff,typescript; express; architecture; platform; api; go,2026-05-13T17:20:19.000Z,management
321,Boa,56,Databricks,Solutions Architect ,<https://databricks.com/company/careers/open-positions/job?gh_jid=6356702002>,greenhouse,"Sao Paulo, Brazil",Brazil-based or Remote Brazil,brazil,Architect,typescript; express; cloud; platform; go,2022-09-09T15:10:55.000Z,arq
322,Boa,59,"Project Management Institute, Inc.",Learning Product Manager,<https://himalayas.app/companies/project-management-institute-inc/jobs/learning-product-manager-5553056855>,himalayas,Remote,Brazil-friendly remote,brazil_friendly,Unspecified,typescript; scrum; go,2026-05-02T00:34:26.000Z,management
323,Boa,60,DQR TECH,Desenvolvedor(a) .Net Sênior - Híbrido SP,<https://www.programathor.com.br/jobs/33463-desenvolvedor-a-net-senior-hibrido-sp>,browser_mcp,São Paulo (Híbrido),Brazil-based or Remote Brazil,brazil,Senior,,,senior
324,Boa,58,VELIFERA CENTRO DE SERVICOS COMPARTILHADOS,Vencida Desenvolvedor(a) Full Stack Drupal,<https://www.programathor.com.br/jobs/16919-desenvolvedor-a-full-stack-drupal>,browser_mcp,"Campinas, SP (Presencial)",Brazil-based or Remote Brazil,brazil,Pleno,,,pleno
325,Boa,55,Vono Tecnologia,Desenvolvedor(a) Full Stack Pleno - Laravel NOVA,<https://www.programathor.com.br/jobs/33515-desenvolvedor-a-full-stack-pleno-laravel>,browser_mcp,Belo Horizonte (Presencial),Brazil-based or Remote Brazil,brazil,Pleno,,,pleno
326,Boa,59,Yuno,Product Owner,<https://himalayas.app/companies/yuno/jobs/product-owner>,himalayas,"Remote / Argentina, Bolivia, Brazil, Chile, Colombia, Dominican Republic, Paraguay, Peru",Brazil-friendly remote,brazil_friendly,Unspecified,typescript; scrum; api; go,2026-05-03T02:25:10.000Z,management
327,Boa,60,Invisible Technologies,AI QA Trainer – LLM Evaluation,<https://himalayas.app/companies/inv/jobs/ai-qa-trainer-llm-evaluation>,himalayas,Remote,Brazil-friendly remote,brazil_friendly,Unspecified,typescript; platform; go; python,2026-05-07T20:31:06.000Z,qa
328,Razoavel,50,Canonical,Engineering Manager for IAM (Identity and Access Management),<https://job-boards.greenhouse.io/canonical/jobs/5869156>,greenhouse,Home Based - Americas; Home based - EMEA,worldwide-compatible remote,international,Unspecified,typescript; docker; kubernetes; distributed systems; cloud; platform; api; go; python,2024-05-20T16:40:03.000Z,management
329,Razoavel,53,Empresa não informada,Software Engineer - Integration Specialist - Mulesoft &amp; Apache Camel (100% Remoto/Inglês Fluente),<https://www.infojobs.com.br/vaga-de-software-engineer-integration-specialist-mulesoft-em-parana__11363833.aspx>,browser_mcp,"-parana__11363833.aspx"">",Brazil-friendly remote,brazil_friendly,Pleno,,,pleno
330,Razoavel,51,Grafana Labs,Staff Software Engineer - Grafana Cloud k6 | Ireland | Remote,<https://job-boards.greenhouse.io/grafanalabs/jobs/5996122004>,greenhouse,Republic of Ireland (Remote),international fallback,international,Staff,aws; javascript; typescript; docker; kubernetes; distributed systems; cloud; platform; go; python; java,2026-05-14T12:26:18.000Z,staff
331,Razoavel,50,Canonical,OpenStack Engineering Manager,<https://job-boards.greenhouse.io/canonical/jobs/4676858>,greenhouse,Home based - Worldwide,worldwide-compatible remote,international,Unspecified,typescript; scrum; kubernetes; distributed systems; cloud; platform; api; go; python; java,2022-11-03T17:37:45.000Z,management
332,Razoavel,54,Canonical,Engineering Manager,<https://job-boards.greenhouse.io/canonical/jobs/5188002>,greenhouse,Home based - Worldwide,worldwide-compatible remote,international,Unspecified,javascript; typescript; reactjs; microservices; html-css; scrum; cloud; platform; api; go; python; java,2023-10-19T17:59:48.000Z,management
333,Razoavel,50,Canonical,Cloud Engineering Manager,<https://job-boards.greenhouse.io/canonical/jobs/4676649>,greenhouse,Home based - Worldwide,worldwide-compatible remote,international,Unspecified,typescript; scrum; kubernetes; distributed systems; cloud; platform; api; go; python; java,2022-11-03T16:58:11.000Z,management
334,Razoavel,50,Canonical,Engineering Manager - MLOps & Analytics,<https://job-boards.greenhouse.io/canonical/jobs/4810491>,greenhouse,Home based - Worldwide,worldwide-compatible remote,international,Unspecified,aws; typescript; docker; gcp; azure; kubernetes; architecture; cloud; platform; api; go; python,2023-03-17T15:10:44.000Z,management
335,Razoavel,53,Empresa não informada,Desenvolvedora Fullstack Pleno - PJ - Remoto Feminino,<https://www.infojobs.com.br/vaga-de-desenvolvedora-fullstack-pleno-pj-remoto-feminino-em-sao-paulo__11559378.aspx>,browser_mcp,"oto-feminino-em-sao-paulo__11559378.aspx"">",Brazil-friendly remote,brazil_friendly,Pleno,,,pleno
336,Razoavel,50,Canonical,"Engineering Manager, Managed Services",<https://job-boards.greenhouse.io/canonical/jobs/4676823>,greenhouse,Home based - Worldwide,worldwide-compatible remote,international,Unspecified,typescript; scrum; kubernetes; distributed systems; cloud; platform; api; go; python; java,2022-11-03T17:34:51.000Z,management
337,Razoavel,54,OKX,"Principal / Senior Product Manager, Local Market & Growth (Latin America)",<https://himalayas.app/companies/okx/jobs/principal-senior-product-manager-local-market-growth-latin-america>,himalayas,"Remote / Anguilla, Antigua and Barbuda, Argentina, Aruba, Bahamas, Barbados, Belize, Bermuda, Bolivia, Bonaire, Sint Eustatius and Saba, Brazil, Cayman Islands, Chile, Colombia, Costa Rica, Cuba, Dominica, Dominican Republic, Ecuador, El Salvador, Falkland Islands (Malvinas), Grenada, Guatemala, Guyana, Haiti, Honduras, Jamaica, Mexico, Montserrat, Nicaragua, Panama, Paraguay, Peru, Puerto Rico, Saint Kitts and Nevis, Saint Lucia, Saint Vincent and the Grenadines, South Georgia and the South Sandwich Islands, Suriname, Trinidad and Tobago, Turks and Caicos Islands, Uruguay, Venezuela, Virgin Islands, British, Virgin Islands, U.S.",Brazil-friendly remote,brazil_friendly,Principal,typescript; platform; go,2026-05-08T20:32:41.000Z,management
338,Razoavel,54,Twilio,"Senior Manager, Platform Engineering - Secure Supply Chain",<https://job-boards.greenhouse.io/twilio/jobs/7755317>,greenhouse,Remote - US,worldwide-compatible remote,international,Senior,aws; typescript; express; gcp; azure; cloud; platform; api,2026-03-26T01:00:59.000Z,management
339,Razoavel,54,Wealthsimple Technologies,Senior AI System Software Developer,<https://remoteok.com/remote-jobs/remote-senior-ai-system-software-developer-wealthsimple-technologies-1131572>,remoteok,,international fallback,international,Senior,aws; typescript; reactjs; postgres; redis; docker; microservices; kubernetes; architecture; cloud; platform; backend; frontend; api; go,2026-05-13T00:01:58.000Z,senior
340,Razoavel,49,Canonical,Observability Engineering Manager,<https://job-boards.greenhouse.io/canonical/jobs/5739500>,greenhouse,Home Based - Americas; Home based - EMEA,worldwide-compatible remote,international,Unspecified,typescript; kubernetes; architecture; cloud; platform; api; go; python,2024-02-21T14:41:35.000Z,management
341,Razoavel,49,Vono Tecnologia,Desenvolvedor(a) Full Stack Sênior - Laravel NOVA,<https://www.programathor.com.br/jobs/33507-desenvolvedor-a-full-stack-senior-laravel>,browser_mcp,Belo Horizonte (Presencial),Brazil-based or Remote Brazil,brazil,Senior,,,senior
342,Razoavel,49,All Digital,Vencida Desenvolvedor(a) Laravel Sênior,<https://www.programathor.com.br/jobs/12174-desenvolvedor-a-laravel-senior>,browser_mcp,Florianópolis (Presencial),Brazil-based or Remote Brazil,brazil,Senior,,,senior
343,Razoavel,50,Canonical,Engineering Manager - App Stores,<https://job-boards.greenhouse.io/canonical/jobs/5127399>,greenhouse,Home based - Worldwide,worldwide-compatible remote,international,Unspecified,typescript; microservices; scrum; architecture; cloud; platform; frontend; api; go; python,2023-08-11T14:46:13.000Z,management
344,Razoavel,50,Canonical,Engineering Manager - Data Platform,<https://job-boards.greenhouse.io/canonical/jobs/5667860>,greenhouse,Home based - Worldwide,worldwide-compatible remote,international,Unspecified,typescript; postgres; scrum; kubernetes; distributed systems; cloud; platform; go; python,2024-02-02T10:16:33.000Z,management
345,Razoavel,50,Canonical,Engineering Manager - Ubuntu Core,<https://job-boards.greenhouse.io/canonical/jobs/5612564>,greenhouse,Home Based - Americas; Home based - EMEA,worldwide-compatible remote,international,Unspecified,typescript; docker; scrum; architecture; cloud; platform; api; go,2025-09-19T13:20:35.000Z,management
346,Razoavel,50,Canonical,Software Engineering Manager - Container and Virtualisation Infrastructure,<https://job-boards.greenhouse.io/canonical/jobs/4086684>,greenhouse,Home Based - Americas; Home based - EMEA,worldwide-compatible remote,international,Unspecified,typescript; docker; kubernetes; distributed systems; architecture; cloud; platform; api; go,2022-07-18T15:08:37.000Z,management
347,Razoavel,50,Canonical,Software Platform Engineering Manager - Ubuntu for Next-Gen Silicon,<https://job-boards.greenhouse.io/canonical/jobs/4279483>,greenhouse,Home based - Worldwide,worldwide-compatible remote,international,Unspecified,typescript; docker; kubernetes; architecture; cloud; platform; api; python,2022-05-26T21:30:57.000Z,management
348,Razoavel,51,Canonical,"Engineering Manager - Public Cloud, Python, Golang",<https://job-boards.greenhouse.io/canonical/jobs/4144793>,greenhouse,Home Based - Americas; Home based - EMEA,worldwide-compatible remote,international,Unspecified,aws; typescript; docker; scrum; gcp; azure; architecture; cloud; platform; api; go; python,2022-04-15T12:18:08.000Z,management
349,Razoavel,50,Canonical,Site Reliability Engineer,<https://job-boards.greenhouse.io/canonical/jobs/4468036>,greenhouse,Home based - Worldwide,worldwide-compatible remote,international,Unspecified,typescript; docker; kubernetes; cloud; platform; api; go; python,2022-08-08T15:58:06.000Z,devops
350,Razoavel,49,Stripe,Corporate Network Engineering Manager,<https://stripe.com/jobs/search?gh_jid=7736482>,greenhouse,US Remote,worldwide-compatible remote,international,Unspecified,typescript; platform; api; python,2026-04-03T14:18:19.000Z,management
351,Razoavel,54,SuperSummary,Senior Product Manager,<https://himalayas.app/companies/supersummary/jobs/senior-product-manager>,himalayas,Remote,worldwide-compatible remote,international,Senior,typescript; express; architecture; platform; api; go,2026-05-02T04:29:50.000Z,management
352,Razoavel,54,Canonical,Software Engineering Manager (Backend SaaS),<https://job-boards.greenhouse.io/canonical/jobs/4283003>,greenhouse,Home Based - Americas,worldwide-compatible remote,international,Unspecified,javascript; typescript; reactjs; node; postgres; scrum; architecture; cloud; platform; backend; frontend; api; go; python,2022-07-26T15:06:04.000Z,management
353,Razoavel,54,Supabase,Strategic Customer Solutions Architect (AMER),<https://jobs.ashbyhq.com/supabase/a5a5a35a-ff03-4777-bb05-6eaaf5e8a1a6>,ashby,AMER,LATAM remote,latam,Architect,,,arq
354,Razoavel,54,Zippi,Product Manager,<https://himalayas.app/companies/zippi/jobs/product-manager>,himalayas,Remote / Brazil,Brazil-based or Remote Brazil,brazil,Unspecified,api; go,2026-05-04T20:31:28.000Z,management
355,Razoavel,46,Canonical,Engineering Manager - Ubuntu Desktop Apps ,<https://job-boards.greenhouse.io/canonical/jobs/7732724>,greenhouse,Home based - Worldwide,worldwide-compatible remote,international,Unspecified,typescript; architecture; cloud; platform; frontend; api; go,2026-03-18T17:27:04.000Z,management
356,Razoavel,46,Canonical,Engineering Manager - Security Standards and Hardening,<https://job-boards.greenhouse.io/canonical/jobs/6215514>,greenhouse,Home based - Worldwide,worldwide-compatible remote,international,Unspecified,typescript; scrum; kubernetes; cloud; platform; api; go,2024-08-29T10:28:31.000Z,management
357,Razoavel,43,TechBiz Global,Senior Software Engineer,<https://himalayas.app/companies/techbiz-global/jobs/senior-software-engineer>,himalayas,Remote,international fallback,international,Senior,aws; typescript; reactjs; react-native; docker; microservices; gcp; azure; kubernetes; architecture; cloud; platform; backend; frontend; api; go; python,2026-05-06T20:32:42.000Z,senior
358,Razoavel,46,Exactera,Staff Data Engineer,<https://himalayas.app/companies/exactera/jobs/staff-data-engineer>,himalayas,Remote,international fallback,international,Staff,aws; terraform; typescript; architecture; cloud; platform; go; python,2026-05-01T07:16:31.000Z,staff
359,Razoavel,46,Canonical,Engineering Manager - Ubuntu Security,<https://job-boards.greenhouse.io/canonical/jobs/4192903>,greenhouse,Home based - Worldwide,worldwide-compatible remote,international,Unspecified,typescript; scrum; cloud; platform; api; go; python; java,2022-06-21T22:13:46.000Z,management
360,Razoavel,47,Extend,Principal Data Engineer,<https://remoteok.com/remote-jobs/remote-principal-data-engineer-extend-1131491>,remoteok,Remote,international fallback,international,Principal,aws; typescript; architecture; platform; python,2026-05-06T16:02:33.000Z,staff
361,Razoavel,48,Dutchie,Staff Platform Engineer - Frontend,<https://himalayas.app/companies/dutchie/jobs/staff-platform-engineer-frontend>,himalayas,Remote,international fallback,international,Staff,typescript; reactjs; express; postgres; scrum; platform; frontend; api; go,2026-05-01T10:58:48.000Z,devops
362,Razoavel,46,Canonical,Software Engineering Manager - Sustaining Engineering,<https://job-boards.greenhouse.io/canonical/jobs/4410480>,greenhouse,Home Based - Americas,worldwide-compatible remote,international,Unspecified,typescript; kubernetes; cloud; platform; api; go; python,2022-07-17T18:19:04.000Z,management
363,Razoavel,45,Canonical,Ubuntu Engineering Manager,<https://job-boards.greenhouse.io/canonical/jobs/7521220>,greenhouse,Home based - Worldwide,worldwide-compatible remote,international,Unspecified,typescript; architecture; cloud; platform; api; go; python,2026-01-07T21:50:34.000Z,management
364,Razoavel,46,Empresa não informada,Líder Técnico III (React Native / Node.Js),<https://www.infojobs.com.br/vaga-de-lider-tecnico-iii-react-native-nodejs-em-__11560152.aspx>,browser_mcp,"-__11560152.aspx"">",Brazil-friendly remote,brazil_friendly,Lead,javascript; reactjs; react-native; node,,senior
365,Razoavel,43,Vibra Energia,Desenvolvedor(a) Pl | Mobile (React Native e TypeScript),<https://vibraenergia.gupy.io/job/eyJqb2JJZCI6MTEyNDc4MzUsInNvdXJjZSI6Imd1cHlfcG9ydGFsIn0=?jobBoardSource=gupy_portal>,browser_mcp,Rio de Janeiro,Brazil-based or Remote Brazil,brazil,Pleno,typescript; reactjs; react-native,,pleno
366,Razoavel,45,Trafilea,Product Manager AI Personalization,<https://himalayas.app/companies/trafilea-com/jobs/product-manager-ai-personalization>,himalayas,Remote,worldwide-compatible remote,international,Unspecified,typescript; architecture; platform; api,2026-05-02T20:31:30.000Z,management
367,Razoavel,45,Canonical,Engineering Manager- Ceph & Distributed Storage,<https://job-boards.greenhouse.io/canonical/jobs/4175808>,greenhouse,Home Based - Americas; Home based - EMEA,worldwide-compatible remote,international,Unspecified,typescript; scrum; architecture; cloud; platform; go; python,2022-07-22T13:56:07.000Z,management
368,Razoavel,45,Grafana Labs,Staff Frontend Engineer - Observability Drilldown | EMEA | Remote,<https://job-boards.greenhouse.io/grafanalabs/jobs/5994761004>,greenhouse,Sweden (Remote),international fallback,international,Staff,typescript; reactjs; architecture; cloud; frontend; go,2026-05-13T10:38:09.000Z,staff
369,Razoavel,47,Tecsa® Group,Tech Lead Mobile | React Native,<https://tecsa.gupy.io/job/eyJqb2JJZCI6MTEyNTA2NjAsInNvdXJjZSI6Imd1cHlfcG9ydGFsIn0=?jobBoardSource=gupy_portal>,browser_mcp,São Paulo,Brazil-based or Remote Brazil,brazil,Lead,reactjs; react-native,,senior
370,Razoavel,46,Infisical,Senior Full Stack Engineer (Americas),<https://jobs.ashbyhq.com/infisical/67d33206-c8f2-4e40-8af2-9eea1c05b31e>,ashby,North to South America,LATAM remote,latam,Senior,,,senior
371,Razoavel,46,Grafana Labs,"Senior Software Engineer - Grafana Databases, Managed Services | Ireland | Remote",<https://job-boards.greenhouse.io/grafanalabs/jobs/5989632004>,greenhouse,Republic of Ireland (Remote),international fallback,international,Senior,aws; terraform; javascript; typescript; postgres; gcp; azure; kubernetes; distributed systems; architecture; cloud; platform; backend; go,2026-05-07T14:17:47.000Z,senior
372,Razoavel,46,Tether Operations Limited,Technical Product Manager - Hadron (100% Remote - Worldwide),<https://himalayas.app/companies/tether-operations-limited/jobs/technical-product-manager-hadron-100-remote-worldwide-1854439269>,himalayas,Remote,worldwide-compatible remote,international,Unspecified,typescript; architecture; platform; api; go,2026-05-07T11:10:24.000Z,management
373,Razoavel,48,Canonical,Engineering Manager - AppArmor,<https://job-boards.greenhouse.io/canonical/jobs/6215502>,greenhouse,Home based - Worldwide,worldwide-compatible remote,international,Unspecified,typescript; docker; scrum; cloud; platform; api; go,2024-08-29T10:28:30.000Z,management
374,Razoavel,47,Ventures Lab,Product Owner - Player Account Management (PAM),<https://himalayas.app/companies/ventures-lab/jobs/product-owner-player-account-management-pam>,himalayas,Remote,worldwide-compatible remote,international,Unspecified,typescript; scrum; platform; api,2026-05-09T19:19:55.000Z,management
375,Razoavel,45,Grafana Labs,Staff Frontend Engineer - Observability Drilldown | EMEA | Remote,<https://job-boards.greenhouse.io/grafanalabs/jobs/5994757004>,greenhouse,Republic of Ireland (Remote),international fallback,international,Staff,typescript; reactjs; architecture; cloud; frontend; go,2026-05-13T10:33:45.000Z,staff
376,Razoavel,46,Nium,Staff Product Manager - LATAM,<https://himalayas.app/companies/nium/jobs/staff-product-manager-latam>,himalayas,Remote / Brazil,Brazil-based or Remote Brazil,brazil,Staff,typescript,2026-05-09T05:34:02.000Z,management
377,Razoavel,24,Inspira Rede de Educadores,Desenvolvedor(a) Mobile/Fullstack Pleno (React Native),<https://redeinspiraeducadores.gupy.io/job/eyJqb2JJZCI6MTEyOTgwNzcsInNvdXJjZSI6Imd1cHlfcG9ydGFsIn0=?jobBoardSource=gupy_portal>,browser_mcp,Blumenau,Brazil-friendly remote,brazil_friendly,Pleno,reactjs; react-native,,pleno
378,Razoavel,41,Canonical,Linux Engineering Manager - Optimisation for Latest Hardware ,<https://job-boards.greenhouse.io/canonical/jobs/3666345>,greenhouse,Home based - Worldwide,worldwide-compatible remote,international,Unspecified,typescript; scrum; architecture; platform; go,2022-03-29T13:56:13.000Z,management
379,Razoavel,38,Arco Educação,Engineering Manager,<https://himalayas.app/companies/arco-educacao/jobs/engineering-manager>,himalayas,Remote,Brazil-friendly remote,brazil_friendly,Unspecified,go,2026-05-10T20:31:39.000Z,management
380,Razoavel,38,Grafana Labs,Senior Frontend Engineer - Grafana Data Pro| Ireland | Remote,<https://job-boards.greenhouse.io/grafanalabs/jobs/5990360004>,greenhouse,Republic of Ireland (Remote),international fallback,international,Senior,typescript; reactjs; express; cloud; platform; frontend; go,2026-05-07T12:12:46.000Z,senior
381,Razoavel,42,Canonical,Software Engineering Manager - Ubuntu Linux Kernel,<https://job-boards.greenhouse.io/canonical/jobs/3542384>,greenhouse,Home based - Worldwide,worldwide-compatible remote,international,Unspecified,typescript; cloud; platform; api; go; python,2022-03-14T02:23:45.000Z,management
382,Razoavel,37,Grafana Labs,Staff Backend Engineer - Adaptive Telemetry | Sweden | Remote,<https://job-boards.greenhouse.io/grafanalabs/jobs/5801260004>,greenhouse,Sweden (Remote),international fallback,international,Staff,typescript; docker; microservices; kubernetes; distributed systems; architecture; cloud; platform; backend; go; python,2026-02-12T14:37:44.000Z,staff
383,Razoavel,42,Ben Fatto,Scrum Master,<https://himalayas.app/companies/ben-fatto/jobs/scrum-master>,himalayas,Remote,worldwide-compatible remote,international,Unspecified,typescript; scrum; go,2026-05-03T11:28:55.000Z,management
384,Razoavel,39,Afya,Senior Backend Software Engineer (Node),<https://afya.gupy.io/job/eyJqb2JJZCI6MTA5OTc4NzcsInNvdXJjZSI6Imd1cHlfcG9ydGFsIn0=?jobBoardSource=gupy_portal>,browser_mcp,São Paulo,Brazil-based or Remote Brazil,brazil,Senior,node; backend,,senior
385,Razoavel,38,Grafana Labs,Senior Frontend Engineer - Grafana Data Pro| Sweden| Remote,<https://job-boards.greenhouse.io/grafanalabs/jobs/5990395004>,greenhouse,Sweden (Remote),international fallback,international,Senior,typescript; reactjs; express; cloud; platform; frontend; go,2026-05-07T12:35:39.000Z,senior
386,Razoavel,39,Distribusion Technologies GmbH,Senior Ruby Software Engineer (all genders),<https://himalayas.app/companies/distribusion-technologies-gmbh/jobs/senior-ruby-software-engineer-all-genders>,himalayas,Remote,international fallback,international,Senior,typescript; microservices; gcp; kubernetes; distributed systems; architecture; cloud; platform; backend; api; go,2026-05-01T01:04:41.000Z,senior
387,Razoavel,42,LLInformatics,Senior QA Automation Engineer,<https://himalayas.app/companies/llinformatics/jobs/senior-qa-automation-engineer>,himalayas,Remote,international fallback,international,Senior,typescript; distributed systems; architecture; backend; api; go; python,2026-05-14T20:31:45.000Z,qa
388,Razoavel,37,Grafana Labs,"Staff Software Engineer - Grafana Cloud Observability, Kubernetes Monitoring | Sweden | Remote",<https://job-boards.greenhouse.io/grafanalabs/jobs/5809259004>,greenhouse,Sweden (Remote),international fallback,international,Staff,typescript; kubernetes; distributed systems; cloud; platform; backend; go; python; java,2026-02-20T15:53:20.000Z,staff
389,Razoavel,41,VENHA SER #SANGUELARANJA 🧡🚀,Desenvolvedor(a) Frontend React JS - Especialista,<https://fcamara.gupy.io/job/eyJqb2JJZCI6MTEyNzQwMzEsInNvdXJjZSI6Imd1cHlfcG9ydGFsIn0=?jobBoardSource=gupy_portal>,browser_mcp,São Paulo,Brazil-based or Remote Brazil,brazil,Pleno,javascript; reactjs; frontend,,pleno
390,Razoavel,31,Talent Group,11217 - Analista Desenvolvedor Fullstack (Node + React),<https://www.vagas.com.br/vagas/v2809616/11217-analista-desenvolvedor-fullstack-node-react>,browser_mcp,,Brazil-friendly remote,brazil_friendly,Pleno,reactjs; node,,pleno
391,Razoavel,34,Grafana Labs,Senior Developer Advocacy Engineer | Sweden | Remote,<https://job-boards.greenhouse.io/grafanalabs/jobs/5850086004>,greenhouse,Sweden (Remote),international fallback,international,Senior,typescript; kubernetes; architecture; cloud; platform; backend; frontend; go,2026-04-06T20:46:28.000Z,senior
392,Razoavel,35,Grafana Labs,Staff Backend Engineer - Grafana App Platform | Sweden | Remote,<https://job-boards.greenhouse.io/grafanalabs/jobs/5988515004>,greenhouse,Sweden (Remote),international fallback,international,Staff,typescript; architecture; cloud; platform; backend; go,2026-05-06T10:24:12.000Z,staff
393,Razoavel,32,Stefanini Group,Desenvolvedor Front End (React) Sênior (BH),<https://stefanini.gupy.io/job/eyJqb2JJZCI6MTEyODk3NTIsInNvdXJjZSI6Imd1cHlfcG9ydGFsIn0=?jobBoardSource=gupy_portal>,browser_mcp,Belo Horizonte,Brazil-based or Remote Brazil,brazil,Senior,reactjs; frontend,,senior
394,Razoavel,36,NIO,Desenvolvedor SR (React Native / Node.js),<https://nio.gupy.io/job/eyJqb2JJZCI6MTA3OTYzODUsInNvdXJjZSI6Imd1cHlfcG9ydGFsIn0=?jobBoardSource=gupy_portal>,browser_mcp,Maceió,Brazil-friendly remote,brazil_friendly,Senior,javascript; reactjs; react-native; node,,senior
395,Razoavel,35,Close-up International,Desenvolvedor(a) Frontend (React) Pleno/Sênior,<https://close-up-international.gupy.io/job/eyJqb2JJZCI6MTEwNDY0NjIsInNvdXJjZSI6Imd1cHlfcG9ydGFsIn0=?jobBoardSource=gupy_portal>,browser_mcp,São Paulo,Brazil-based or Remote Brazil,brazil,Senior,reactjs; frontend,,senior
396,Razoavel,35,Grafana Labs,Staff Backend Engineer - Grafana App Platform | Ireland | Remote,<https://job-boards.greenhouse.io/grafanalabs/jobs/5988519004>,greenhouse,Republic of Ireland (Remote),international fallback,international,Staff,typescript; architecture; cloud; platform; backend; go,2026-05-06T10:24:10.000Z,staff
397,Razoavel,35,Grafana Labs,"Senior Frontend Engineer, Alerting | Sweden | Remote",<https://job-boards.greenhouse.io/grafanalabs/jobs/5856690004>,greenhouse,Sweden (Remote),international fallback,international,Senior,typescript; reactjs; html-css; distributed systems; cloud; backend; frontend; api; go,2026-04-07T19:02:42.000Z,senior
398,Razoavel,35,Grafana Labs,"Senior Frontend Engineer, Alerting | Ireland | Remote",<https://job-boards.greenhouse.io/grafanalabs/jobs/5856681004>,greenhouse,Republic of Ireland (Remote),international fallback,international,Senior,typescript; reactjs; html-css; distributed systems; cloud; backend; frontend; api; go,2026-04-07T19:02:41.000Z,senior
399,Razoavel,34,Grafana Labs,Senior Developer Advocacy Engineer | Ireland | Remote,<https://job-boards.greenhouse.io/grafanalabs/jobs/5850079004>,greenhouse,Republic of Ireland (Remote),international fallback,international,Senior,typescript; kubernetes; architecture; cloud; platform; backend; frontend; go,2026-04-06T20:46:25.000Z,senior
400,Razoavel,12,Inspira Rede de Educadores,Desenvolvedor(a) Fullstack Pleno (PHP e VueJS),<https://redeinspiraeducadores.gupy.io/job/eyJqb2JJZCI6MTEyOTg1MjMsInNvdXJjZSI6Imd1cHlfcG9ydGFsIn0=?jobBoardSource=gupy_portal>,browser_mcp,Blumenau,Brazil-friendly remote,brazil_friendly,Pleno,javascript,,pleno
401,Razoavel,26,Grupo Panvel,Desenvolvedor(a) de Software Sênior | Mobile (React Native),<https://corporativopanvel.gupy.io/job/eyJqb2JJZCI6MTExNzMzMzcsInNvdXJjZSI6Imd1cHlfcG9ydGFsIn0=?jobBoardSource=gupy_portal>,browser_mcp,Eldorado do Sul,Brazil-friendly remote,brazil_friendly,Senior,reactjs; react-native,,senior
402,Razoavel,27,Empresa não informada,#5495 - Senior Full Stack Engineer (Java / React),<https://www.infojobs.com.br/vaga-de-5495-senior-full-stack-engineer-java-react-em-minas-gerais__11601180.aspx>,browser_mcp,"-minas-gerais__11601180.aspx"">",Brazil-friendly remote,brazil_friendly,Senior,reactjs; java,,senior
403,Razoavel,30,Empresa não informada,Desenvolvedor(A) Back-End Node.Js Pleno,<https://www.infojobs.com.br/vaga-de-desenvolvedora-back-end-nodejs-pleno-em-__11622131.aspx>,browser_mcp,"-__11622131.aspx"">",Brazil-friendly remote,brazil_friendly,Pleno,javascript; node; backend,,pleno
404,Razoavel,27,Darede,Arquiteto(a) de Soluções Pleno / Pré-Vendas AWS,<https://darede.gupy.io/job/eyJqb2JJZCI6MTEyNjU2OTcsInNvdXJjZSI6Imd1cHlfcG9ydGFsIn0=?jobBoardSource=gupy_portal>,browser_mcp,Barueri,Brazil-based or Remote Brazil,brazil,Architect,aws,,arq
405,Razoavel,30,Empresa não informada,Desenvolvedor Back End (Node.Js / PHP / Laravel) – Pleno,<https://www.infojobs.com.br/vaga-de-desenvolvedor-back-end-nodejs-php-laravel-pleno-em-sao-paulo__11607826.aspx>,browser_mcp,"-sao-paulo__11607826.aspx"">",Brazil-friendly remote,brazil_friendly,Pleno,javascript; node; backend,,pleno
406,Razoavel,29,Empresa não informada,Devops SENIOR – 100% REMOTO,<https://www.infojobs.com.br/vaga-de-devops-senior-100-remoto-em-rio-janeiro__11368645.aspx>,browser_mcp,"oto-em-rio-janeiro__11368645.aspx"">",Brazil-friendly remote,brazil_friendly,Senior,,,devops
407,Razoavel,29,Empresa não informada,Desenvolvedor Full Stack Javascript/Typescript,<https://www.infojobs.com.br/vaga-de-desenvolvedor-full-stack-javascripttypescript-em-minas-gerais__11518124.aspx>,browser_mcp,"-minas-gerais__11518124.aspx"">",Brazil-friendly remote,brazil_friendly,Pleno,javascript; typescript; java,,pleno
408,Razoavel,26,Talent Group,11232 - Desenvolvedor Front-End React,<https://www.vagas.com.br/vagas/v2812624/11232-desenvolvedor-front-end-react>,browser_mcp,100% Home Office,Brazil-friendly remote,brazil_friendly,Pleno,reactjs; frontend,,pleno
409,Razoavel,25,Empresa não informada,Desenvolvedor Mobile - REACT NATIVE,<https://www.infojobs.com.br/vaga-de-desenvolvedor-mobile-react-native-em-sao-paulo__11618644.aspx>,browser_mcp,"-sao-paulo__11618644.aspx"">",Brazil-friendly remote,brazil_friendly,Pleno,reactjs; react-native,,pleno
410,Razoavel,27,Empresa não informada,Desenvolvedor(A) Node.Js,<https://www.infojobs.com.br/vaga-de-desenvolvedora-nodejs-em-sao-paulo__11621968.aspx>,browser_mcp,"-sao-paulo__11621968.aspx"">",Brazil-friendly remote,brazil_friendly,Pleno,javascript; node,,pleno
411,Razoavel,10,Carreiras Decathlon,Programador(a) Pleno - Vaga afirmativa para Pessoas com Deficiência,<https://carreirasdecathlon.gupy.io/job/eyJqb2JJZCI6MTEyMTc1NTMsInNvdXJjZSI6Imd1cHlfcG9ydGFsIn0=?jobBoardSource=gupy_portal>,browser_mcp,São Paulo,Brazil-based or Remote Brazil,brazil,Pleno,,,pleno
412,Razoavel,19,Itaú Unibanco,Engenheira de Software Pleno (Back-end) – Vaga Afirmativa para Mulheres,<https://vemproitau.gupy.io/job/eyJqb2JJZCI6MTEyNTg0NTYsInNvdXJjZSI6Imd1cHlfcG9ydGFsIn0=?jobBoardSource=gupy_portal>,browser_mcp,São Paulo,Brazil-based or Remote Brazil,brazil,Pleno,backend,,pleno
413,Razoavel,20,Getnet,Desenvolvedor Backend Junior,<https://vagasgetnet.gupy.io/job/eyJqb2JJZCI6MTEyNzQzMzUsInNvdXJjZSI6Imd1cHlfcG9ydGFsIn0=?jobBoardSource=gupy_portal>,browser_mcp,São Paulo,Brazil-based or Remote Brazil,brazil,Junior,backend,,junior
414,Razoavel,19,Transform and grow in Digital,Estagiário(a) - Desenvolvedor Front-end,<https://tgid.gupy.io/job/eyJqb2JJZCI6MTEyOTA3MjcsInNvdXJjZSI6Imd1cHlfcG9ydGFsIn0=?jobBoardSource=gupy_portal>,browser_mcp,São Paulo,Brazil-based or Remote Brazil,brazil,Pleno,frontend,,pleno
415,Razoavel,21,Empresa não informada,WHIRLPOOL - Desenvolvedor Javascript Com Foco Em Analise De Dados,<https://www.infojobs.com.br/vaga-de-whirlpool-desenvolvedor-javascript-foco-analise-dados-em-santa-catarina__11582853.aspx>,browser_mcp,"-santa-catarina__11582853.aspx"">",Brazil-friendly remote,brazil_friendly,Pleno,javascript; java,,pleno
416,Razoavel,19,Núclea,Arquiteto de Software Especialista (Java),<https://nuclea.gupy.io/job/eyJqb2JJZCI6MTExODc5NDIsInNvdXJjZSI6Imd1cHlfcG9ydGFsIn0=?jobBoardSource=gupy_portal>,browser_mcp,São Paulo,Brazil-based or Remote Brazil,brazil,Architect,java,,arq
417,Razoavel,20,Grafana Labs,Engineering Manager - Mimirl | Sweden | Remote,<https://job-boards.greenhouse.io/grafanalabs/jobs/5978626004>,greenhouse,Sweden (Remote),international fallback,international,Unspecified,aws; javascript; typescript; microservices; gcp; azure; kubernetes; distributed systems; cloud; platform; go,2026-05-11T13:01:38.000Z,management
418,Razoavel,20,Grafana Labs,Engineering Manager - Mimirl | Ireland | Remote,<https://job-boards.greenhouse.io/grafanalabs/jobs/5978631004>,greenhouse,Republic of Ireland (Remote),international fallback,international,Unspecified,aws; javascript; typescript; microservices; gcp; azure; kubernetes; distributed systems; cloud; platform; go,2026-05-11T12:59:27.000Z,management
419,Razoavel,19,PagBank,Engenheiro de Software Jr. (Java),<https://pagseguro.gupy.io/job/eyJqb2JJZCI6MTEyMjk3MjgsInNvdXJjZSI6Imd1cHlfcG9ydGFsIn0=?jobBoardSource=gupy_portal>,browser_mcp,São Paulo,Brazil-based or Remote Brazil,brazil,Junior,java,,junior
420,Razoavel,21,Stripe,"Engineering Manager, LATAM Payments Experiences",<https://stripe.com/jobs/search?gh_jid=7909561>,greenhouse,Sao Paulo ,Brazil-based or Remote Brazil,brazil,Unspecified,typescript; platform; backend,2026-05-08T21:25:01.000Z,management
421,Razoavel,20,Globo,Pessoa Arquiteta de Soluções Pleno em Dados &amp; AI - Arquitetura de Tecnologia,<https://globo.gupy.io/job/eyJqb2JJZCI6MTExNzY1MjUsInNvdXJjZSI6Imd1cHlfcG9ydGFsIn0=?jobBoardSource=gupy_portal>,browser_mcp,Rio de Janeiro,Brazil-based or Remote Brazil,brazil,Architect,architecture,,arq
422,Razoavel,19,PagBank,Engenheiro de Software Pl. (Front end),<https://pagseguro.gupy.io/job/eyJqb2JJZCI6MTA5ODkyODIsInNvdXJjZSI6Imd1cHlfcG9ydGFsIn0=?jobBoardSource=gupy_portal>,browser_mcp,Sao Paulo,Brazil-based or Remote Brazil,brazil,Pleno,frontend,,pleno
423,Razoavel,20,Globo,Arquiteta de Soluções Pleno em Infra e Telecom | Arquitetura de Tecnologia - Vaga exclusiva para Mulheres 👩,<https://globo.gupy.io/job/eyJqb2JJZCI6MTEyNjc2OTQsInNvdXJjZSI6Imd1cHlfcG9ydGFsIn0=?jobBoardSource=gupy_portal>,browser_mcp,Rio de Janeiro,Brazil-based or Remote Brazil,brazil,Architect,architecture,,arq
424,Razoavel,0,Empresa não informada,Analista De Qualidade,<https://www.infojobs.com.br/vaga-de-analista-qualidade-em-rio-grande-do-sul__11625166.aspx>,browser_mcp,"-rio-grande-do-sul__11625166.aspx"">",Brazil-friendly remote,brazil_friendly,Unspecified,,,qa
425,Razoavel,0,Empresa não informada,Analista De Qualidade,<https://www.infojobs.com.br/vaga-de-analista-qualidade-em-rio-grande-do-sul__11625162.aspx>,browser_mcp,"-rio-grande-do-sul__11625162.aspx"">",Brazil-friendly remote,brazil_friendly,Unspecified,,,qa
426,Razoavel,0,Empresa não informada,Analista De Qualidade,<https://www.infojobs.com.br/vaga-de-analista-qualidade-em-rio-grande-do-sul__11625161.aspx>,browser_mcp,"-rio-grande-do-sul__11625161.aspx"">",Brazil-friendly remote,brazil_friendly,Unspecified,,,qa
427,Razoavel,5,Stefanini Latam,FullStack Developer,<https://stefaninilatam.gupy.io/job/eyJqb2JJZCI6MTEyOTUxNTUsInNvdXJjZSI6Imd1cHlfcG9ydGFsIn0=?jobBoardSource=gupy_portal>,browser_mcp,"Bogotá, D.c.",Brazil-friendly remote,brazil_friendly,Pleno,go,,pleno
428,Razoavel,0,Empresa não informada,Desenvolvedor Sênior,<https://www.infojobs.com.br/vaga-de-desenvolvedor-senior-em-rio-grande-do-sul__11494596.aspx>,browser_mcp,"-rio-grande-do-sul__11494596.aspx"">",Brazil-friendly remote,brazil_friendly,Senior,,,senior
429,Razoavel,0,Empresa não informada,Analista De Qualidade,<https://www.infojobs.com.br/vaga-de-analista-qualidade-em-rio-grande-do-sul__11625164.aspx>,browser_mcp,"-rio-grande-do-sul__11625164.aspx"">",Brazil-friendly remote,brazil_friendly,Unspecified,,,qa
430,Razoavel,0,Empresa não informada,Analista De Sistemas Pleno/Sênior (Full Stack),<https://www.infojobs.com.br/vaga-de-analista-sistemas-plenosenior-full-stack-em-sao-paulo__11624996.aspx>,browser_mcp,"as-plenosenior-full-stack-em-sao-paulo__11624996.aspx"">",Brazil-friendly remote,brazil_friendly,Senior,,,senior
431,Razoavel,0,Empresa não informada,Analista De Qualidade Junior,<https://www.infojobs.com.br/vaga-de-analista-qualidade-junior-em-santa-catarina__11625404.aspx>,browser_mcp,"-santa-catarina__11625404.aspx"">",Brazil-friendly remote,brazil_friendly,Junior,,,qa
432,Razoavel,0,Empresa não informada,Programador Java SR-SP,<https://www.infojobs.com.br/vaga-de-programador-java-sr-sp-em-sao-paulo__11624938.aspx>,browser_mcp,"-sao-paulo__11624938.aspx"">",Brazil-friendly remote,brazil_friendly,Senior,java,,senior
433,Razoavel,4,Minsait an Indra Company,Desenvolvedor Cobol Senior,<https://minsait.gupy.io/job/eyJqb2JJZCI6MTEyODY1OTcsInNvdXJjZSI6Imd1cHlfcG9ydGFsIn0=?jobBoardSource=gupy_portal>,browser_mcp,São Paulo,Brazil-based or Remote Brazil,brazil,Senior,,,senior
434,Razoavel,17,Certsys,Arquiteto de Software,<https://certsys.gupy.io/job/eyJqb2JJZCI6MTExNDg0MjAsInNvdXJjZSI6Imd1cHlfcG9ydGFsIn0=?jobBoardSource=gupy_portal>,browser_mcp,São Paulo,Brazil-based or Remote Brazil,brazil,Architect,,,arq
435,Razoavel,18,TIM Brasil,Solution Architect - Especialista (POWER PLATFORM),<https://vemprotime.gupy.io/job/eyJqb2JJZCI6MTEyMTU0MTEsInNvdXJjZSI6Imd1cHlfcG9ydGFsIn0=?jobBoardSource=gupy_portal>,browser_mcp,Rio de Janeiro,Brazil-based or Remote Brazil,brazil,Architect,platform,,arq
436,Razoavel,16,Empresa não informada,#5494 - Backend Software Engineer (Java / Scala),<https://www.infojobs.com.br/vaga-de-5494-backend-software-engineer-java-scala-em-minas-gerais__11600258.aspx>,browser_mcp,"-minas-gerais__11600258.aspx"">",Brazil-friendly remote,brazil_friendly,Pleno,backend; java,,pleno
437,Razoavel,13,Sidecar Health,Lead Product Manager,<https://himalayas.app/companies/sidecar-health/jobs/lead-product-manager-2416340021>,himalayas,Remote,international fallback,international,Lead,typescript; scrum; platform; api; go,2026-05-08T20:32:48.000Z,management
438,Razoavel,18,PagBank,Engenheiro de Software Pl. (Java),<https://pagseguro.gupy.io/job/eyJqb2JJZCI6MTEyMjQ5OTksInNvdXJjZSI6Imd1cHlfcG9ydGFsIn0=?jobBoardSource=gupy_portal>,browser_mcp,São Paulo,Brazil-based or Remote Brazil,brazil,Pleno,java,,pleno
439,Razoavel,17,Talent Group,11225 - Analista Desenvolvedor Fullstack .net + React,<https://www.vagas.com.br/vagas/v2811107/11225-analista-desenvolvedor-fullstack-net-react>,browser_mcp,100% Home Office,Brazil-friendly remote,brazil_friendly,Pleno,reactjs,,pleno
440,Razoavel,16,Empresa não informada,Desenvolvedor Backend Python,<https://www.infojobs.com.br/vaga-de-desenvolvedor-backend-python-em-pernambuco__11620961.aspx>,browser_mcp,"-pernambuco__11620961.aspx"">",Brazil-friendly remote,brazil_friendly,Pleno,backend; python,,pleno
441,Razoavel,18,Encontre aqui uma vaga na Logicalis Brasil,Solution Architect Especialista (AIOps &amp; Observability),<https://vagaslogicalisbrasil.gupy.io/job/eyJqb2JJZCI6MTEwNjc2MjEsInNvdXJjZSI6Imd1cHlfcG9ydGFsIn0=?jobBoardSource=gupy_portal>,browser_mcp,São Paulo,Brazil-based or Remote Brazil,brazil,Architect,,,arq
442,Razoavel,18,Porto,Arquiteto de Soluções Espec. (Foco em Engenharia),<https://porto.gupy.io/job/eyJqb2JJZCI6MTExNTc0NzgsInNvdXJjZSI6Imd1cHlfcG9ydGFsIn0=?jobBoardSource=gupy_portal>,browser_mcp,São Paulo,Brazil-based or Remote Brazil,brazil,Architect,,,arq
443,Razoavel,13,Porto,Analista Engenharia de Software Sênior I Tech Lead,<https://porto.gupy.io/job/eyJqb2JJZCI6MTEyODE2NjIsInNvdXJjZSI6Imd1cHlfcG9ydGFsIn0=?jobBoardSource=gupy_portal>,browser_mcp,São Paulo,Brazil-based or Remote Brazil,brazil,Lead,,,senior
444,Razoavel,13,Certisign,Tech Lead,<https://certisign.gupy.io/job/eyJqb2JJZCI6MTEyODgzMDEsInNvdXJjZSI6Imd1cHlfcG9ydGFsIn0=?jobBoardSource=gupy_portal>,browser_mcp,São Paulo,Brazil-based or Remote Brazil,brazil,Lead,,,senior
445,Razoavel,16,Quem somos,Analista de Infraestrutura Cloud Senior - AWS,<https://abcbrasil.gupy.io/job/eyJqb2JJZCI6MTEwNTYwMTcsInNvdXJjZSI6Imd1cHlfcG9ydGFsIn0=?jobBoardSource=gupy_portal>,browser_mcp,São Paulo,Brazil-based or Remote Brazil,brazil,Senior,aws; cloud,,devops
446,Razoavel,14,Vetta Tecnologia,Arquiteto de Software (Mobile),<https://vetta.gupy.io/job/eyJqb2JJZCI6MTExNTM5MzMsInNvdXJjZSI6Imd1cHlfcG9ydGFsIn0=?jobBoardSource=gupy_portal>,browser_mcp,Belo Horizonte,Brazil-based or Remote Brazil,brazil,Architect,,,arq
447,Razoavel,13,Gauge,Tech Lead Engenheiro de Dados,<https://gaugecarreiras.gupy.io/job/eyJqb2JJZCI6MTEyNjk5MDksInNvdXJjZSI6Imd1cHlfcG9ydGFsIn0=?jobBoardSource=gupy_portal>,browser_mcp,São Paulo,Brazil-based or Remote Brazil,brazil,Lead,,,senior
448,Razoavel,13,Empresa não informada,Desenvolvedor(A) Full Stack – Sveltekit (TS) E Laravel (PHP) - Candeias,<https://www.infojobs.com.br/vaga-de-desenvolvedora-full-stack-sveltekit-ts-laravel-php-candeias-em-pernambuco__11618812.aspx>,browser_mcp,"-pernambuco__11618812.aspx"">",Brazil-friendly remote,brazil_friendly,Pleno,typescript,,pleno
449,Razoavel,18,Encontre aqui uma vaga na Logicalis Brasil,Solution Architect – Telco (Pré-Vendas),<https://vagaslogicalisbrasil.gupy.io/job/eyJqb2JJZCI6MTExNTA5MDcsInNvdXJjZSI6Imd1cHlfcG9ydGFsIn0=?jobBoardSource=gupy_portal>,browser_mcp,São Paulo,Brazil-based or Remote Brazil,brazil,Architect,,,arq
450,Razoavel,18,Supabase,Product Manager - Security & Trust (EMEA/AMER),<https://jobs.ashbyhq.com/supabase/b8010a28-109c-46a9-b8b7-c7f9b24077fa>,ashby,"AMER, Europe",worldwide-compatible remote,international,Unspecified,,,management
451,Razoavel,8,Auxiliadora Predial,Desenvolvedor(a) Júnior,<https://auxiliadorapredial.gupy.io/job/eyJqb2JJZCI6MTEyNjAxNzgsInNvdXJjZSI6Imd1cHlfcG9ydGFsIn0=?jobBoardSource=gupy_portal>,browser_mcp,Porto Alegre,Brazil-based or Remote Brazil,brazil,Junior,,,junior
452,Razoavel,7,CouponFollow,Senior Product Manager,<https://himalayas.app/companies/couponfollow/jobs/senior-product-manager>,himalayas,Remote,international fallback,international,Senior,typescript; platform; api; go,2026-05-02T16:27:52.000Z,management
453,Razoavel,7,NIO,Backend Software Engineer Pl,<https://nio.gupy.io/job/eyJqb2JJZCI6MTEyMzI5MDMsInNvdXJjZSI6Imd1cHlfcG9ydGFsIn0=?jobBoardSource=gupy_portal>,browser_mcp,Maceió,Brazil-friendly remote,brazil_friendly,Pleno,backend,,pleno
454,Razoavel,7,Empresa não informada,Desenvolvedor(A) Java,<https://www.infojobs.com.br/vaga-de-desenvolvedora-java-em-sao-paulo__11621978.aspx>,browser_mcp,"-sao-paulo__11621978.aspx"">",Brazil-friendly remote,brazil_friendly,Pleno,java,,pleno
455,Razoavel,8,Empresa não informada,DEV Front-End,<https://www.infojobs.com.br/vaga-de-dev-front-end-em-parana__11484573.aspx>,browser_mcp,"-parana__11484573.aspx"">",Brazil-friendly remote,brazil_friendly,Pleno,frontend,,pleno
456,Razoavel,8,Empresa não informada,Desenvolvedor Backend,<https://www.infojobs.com.br/vaga-de-desenvolvedor-backend-em-sao-paulo__11368254.aspx>,browser_mcp,"-sao-paulo__11368254.aspx"">",Brazil-friendly remote,brazil_friendly,Pleno,backend,,pleno
457,Razoavel,12,Cognizant,Desenvolvedor Java/Angular Junior - São Paulo/SP,<https://www.vagas.com.br/vagas/v2813567/desenvolvedor-java-angular-junior-sao-paulo-sp>,browser_mcp,,Brazil-friendly remote,brazil_friendly,Junior,java,,junior
458,Razoavel,11,Talent Group,11203 - Arquiteto(a) de Soluções Sênior (pré-Vendas) - Belo Horizonte/ MG,<https://www.vagas.com.br/vagas/v2806574/11203-arquiteto-a-de-solucoes-senior-pre-vendas-belo-horizonte-mg>,browser_mcp,,Brazil-friendly remote,brazil_friendly,Architect,,,arq
459,Razoavel,7,Empresa não informada,Desenvolvedor Java Pleno,<https://www.infojobs.com.br/vaga-de-desenvolvedor-java-pleno-em-rio-janeiro__11592415.aspx>,browser_mcp,"-rio-janeiro__11592415.aspx"">",Brazil-friendly remote,brazil_friendly,Pleno,java,,pleno
460,Razoavel,11,Talent Group,11200 - Arquiteto(a) de Soluções Pleno (pré-Vendas) - São Paulo/ SP,<https://www.vagas.com.br/vagas/v2806659/11200-arquiteto-a-de-solucoes-pleno-pre-vendas-sao-paulo-sp>,browser_mcp,,Brazil-friendly remote,brazil_friendly,Architect,,,arq
461,Razoavel,11,Talent Group,11204 - Arquiteto(a) de Soluções Sênior (pré-Vendas) - Porto Alegre/ RS,<https://www.vagas.com.br/vagas/v2806575/11204-arquiteto-a-de-solucoes-senior-pre-vendas-porto-alegre-rs>,browser_mcp,,Brazil-friendly remote,brazil_friendly,Architect,,,arq
462,Razoavel,7,Empresa não informada,Desenvolvedor Python,<https://www.infojobs.com.br/vaga-de-desenvolvedor-python-em-sao-paulo__11441215.aspx>,browser_mcp,"-sao-paulo__11441215.aspx"">",Brazil-friendly remote,brazil_friendly,Pleno,python,,pleno
463,Razoavel,8,Empresa não informada,Desenvolvedor Frontend Pleno,<https://www.infojobs.com.br/vaga-de-desenvolvedor-frontend-pleno-em-minas-gerais__11515699.aspx>,browser_mcp,"-minas-gerais__11515699.aspx"">",Brazil-friendly remote,brazil_friendly,Pleno,frontend,,pleno
464,Razoavel,8,Empresa não informada,Desenvolvedor Python (Fullstack) Júnior,<https://www.infojobs.com.br/vaga-de-desenvolvedor-python-fullstack-junior-em-parana__11355568.aspx>,browser_mcp,"-parana__11355568.aspx"">",Brazil-friendly remote,brazil_friendly,Junior,python,,junior
465,Razoavel,11,Talent Group,11196 - Arquiteto(a) de Soluções,<https://www.vagas.com.br/vagas/v2806253/11196-arquiteto-a-de-solucoes>,browser_mcp,,Brazil-friendly remote,brazil_friendly,Architect,,,arq
466,Razoavel,12,Talent Group,11201 - Arquiteto(a) de Soluções Sênior (pré-vendas/ Governo) - Brasília/ DF,<https://www.vagas.com.br/vagas/v2806720/11201-arquiteto-a-de-solucoes-senior-pre-vendas-governo-brasilia-df>,browser_mcp,,Brazil-friendly remote,brazil_friendly,Architect,go,,arq
467,Razoavel,7,Empresa não informada,Desenvolvedor Java,<https://www.infojobs.com.br/vaga-de-desenvolvedor-java-em-sao-paulo__11593535.aspx>,browser_mcp,"-sao-paulo__11593535.aspx"">",Brazil-friendly remote,brazil_friendly,Pleno,java,,pleno
468,Razoavel,7,Votorantim Cimentos,Desenvolvedora/Desenvolvedor Pleno (Automações e IA),<https://votorantimcimentos.gupy.io/job/eyJqb2JJZCI6MTEyODgwNjQsInNvdXJjZSI6Imd1cHlfcG9ydGFsIn0=?jobBoardSource=gupy_portal>,browser_mcp,Curitiba,Brazil-based or Remote Brazil,brazil,Pleno,,,pleno
469,Razoavel,8,ICI – Instituto das Cidades Inteligentes,Desenvolvedor Delphi | Junior,<https://ici.gupy.io/job/eyJqb2JJZCI6MTEyNzU0NTksInNvdXJjZSI6Imd1cHlfcG9ydGFsIn0=?jobBoardSource=gupy_portal>,browser_mcp,Curitiba,Brazil-based or Remote Brazil,brazil,Junior,,,junior
470,Razoavel,7,Kapazi,Desenvolvedor Pleno,<https://kapazi.gupy.io/job/eyJqb2JJZCI6MTEyNjYwMjcsInNvdXJjZSI6Imd1cHlfcG9ydGFsIn0=?jobBoardSource=gupy_portal>,browser_mcp,Curitiba,Brazil-based or Remote Brazil,brazil,Pleno,,,pleno
471,Razoavel,10,Dasa Tecnologia,Software Engineer Pleno | Full Stack,<https://dasatecnologia.gupy.io/job/eyJqb2JJZCI6MTExNDYyNzEsInNvdXJjZSI6Imd1cHlfcG9ydGFsIn0=?jobBoardSource=gupy_portal>,browser_mcp,São Paulo,Brazil-based or Remote Brazil,brazil,Pleno,,,pleno
472,Razoavel,12,Valid,Operations &amp; Reliability Tech Lead (Trusted Connectivity vertical),<https://valid.gupy.io/job/eyJqb2JJZCI6MTEyNzI3MDksInNvdXJjZSI6Imd1cHlfcG9ydGFsIn0=?jobBoardSource=gupy_portal>,browser_mcp,Rio de Janeiro,Brazil-based or Remote Brazil,brazil,Lead,,,senior
473,Razoavel,7,Empresa não informada,DESENVOLVEDOR PL MKT CLOUD,<https://www.infojobs.com.br/vaga-de-desenvolvedor-pl-mkt-cloud-em-minas-gerais__11485234.aspx>,browser_mcp,"-minas-gerais__11485234.aspx"">",Brazil-friendly remote,brazil_friendly,Pleno,cloud,,pleno
474,Razoavel,8,Empresa não informada,Desenvolvedor(A) Front-End Pleno,<https://www.infojobs.com.br/vaga-de-desenvolvedora-front-end-pleno-em-sao-paulo__11587548.aspx>,browser_mcp,"-sao-paulo__11587548.aspx"">",Brazil-friendly remote,brazil_friendly,Pleno,frontend,,pleno
475,Razoavel,11,Talent Group,11205 - Arquiteto(a) de Soluções Sênior (pré-Vendas) - São Paulo/ SP,<https://www.vagas.com.br/vagas/v2806577/11205-arquiteto-a-de-solucoes-senior-pre-vendas-sao-paulo-sp>,browser_mcp,,Brazil-friendly remote,brazil_friendly,Architect,,,arq
476,Razoavel,9,Vitabe Group,Desenvolvedor Back End Sênior - Tech Lead,<https://www.vagas.com.br/vagas/v2811487/desenvolvedor-back-end-senior-tech-lead>,browser_mcp,,Brazil-friendly remote,brazil_friendly,Lead,backend,,senior
477,Razoavel,7,Corsan Aegea,PROGRAMADOR DE SERVIÇOS II,<https://vagascorsanaegea.gupy.io/job/eyJqb2JJZCI6MTEyOTI0OTksInNvdXJjZSI6Imd1cHlfcG9ydGFsIn0=?jobBoardSource=gupy_portal>,browser_mcp,Porto Alegre,Brazil-based or Remote Brazil,brazil,Pleno,,,pleno
478,Razoavel,8,Pague Menos | Vagas em Tecnologia e Transformação Digital,Analista Desenvolvedor Júnior,<https://pmenoslab.gupy.io/job/eyJqb2JJZCI6MTEyNTkwNzIsInNvdXJjZSI6Imd1cHlfcG9ydGFsIn0=?jobBoardSource=gupy_portal>,browser_mcp,Fortaleza,Brazil-based or Remote Brazil,brazil,Junior,,,junior
479,Razoavel,11,Talent Group,11202 - Arquiteto(a) de Soluções Sênior (pré-Vendas) - Fortaleza/ CE,<https://www.vagas.com.br/vagas/v2806738/11202-arquiteto-a-de-solucoes-senior-pre-vendas-fortaleza-ce>,browser_mcp,,Brazil-friendly remote,brazil_friendly,Architect,,,arq
480,Razoavel,11,Talent Group,11199 - Arquiteto(a) de Soluções Pleno (pré-Vendas) - Rio de Janeiro/ RJ,<https://www.vagas.com.br/vagas/v2806658/11199-arquiteto-a-de-solucoes-pleno-pre-vendas-rio-de-janeiro-rj>,browser_mcp,,Brazil-friendly remote,brazil_friendly,Architect,,,arq
481,Razoavel,11,Talent Group,11235 - Arquiteto de Soluções Sênior,<https://www.vagas.com.br/vagas/v2813028/11235-arquiteto-de-solucoes-senior>,browser_mcp,,Brazil-friendly remote,brazil_friendly,Architect,,,arq
482,Razoavel,7,Itaú Unibanco,Engenheira de Software Sênior (Back-end) – Vaga Afirmativa para Mulheres,<https://vemproitau.gupy.io/job/eyJqb2JJZCI6MTEyNTg0NTIsInNvdXJjZSI6Imd1cHlfcG9ydGFsIn0=?jobBoardSource=gupy_portal>,browser_mcp,São Paulo,Brazil-based or Remote Brazil,brazil,Senior,backend,,senior
483,Razoavel,8,Empresa não informada,Analista De Processos E Desenvolvedor Frontend,<https://www.infojobs.com.br/vaga-de-analista-processos-desenvolvedor-frontend-em-rio-janeiro__11620858.aspx>,browser_mcp,"-rio-janeiro__11620858.aspx"">",Brazil-friendly remote,brazil_friendly,Pleno,frontend,,pleno
484,Razoavel,3,BRR Crédito,Desenvolvedor Full Stack Pleno,<https://www.vagas.com.br/vagas/v2810832/desenvolvedor-full-stack-pleno>,browser_mcp,,Brazil-friendly remote,brazil_friendly,Pleno,,,pleno
485,Razoavel,3,Confidencial,Desenvolvedor de Bi,<https://www.vagas.com.br/vagas/v2809022/desenvolvedor-de-bi>,browser_mcp,,Brazil-friendly remote,brazil_friendly,Pleno,,,pleno
486,Razoavel,3,Inspirali,Desenvolvedor Unity,<https://www.vagas.com.br/vagas/v2810168/desenvolvedor-unity>,browser_mcp,,Brazil-friendly remote,brazil_friendly,Pleno,,,pleno
487,Razoavel,5,Stefanini Latam,FullStack Developer,<https://stefaninilatam.gupy.io/job/eyJqb2JJZCI6MTEyODc0NTYsInNvdXJjZSI6Imd1cHlfcG9ydGFsIn0=?jobBoardSource=gupy_portal>,browser_mcp,Santiago,Brazil-friendly remote,brazil_friendly,Pleno,go,,pleno
488,Razoavel,6,Grafana Labs,Senior Engineering Manager - Corporate Engineering | Ireland | Remote,<https://job-boards.greenhouse.io/grafanalabs/jobs/5844297004>,greenhouse,Republic of Ireland (Remote),international fallback,international,Senior,typescript; scrum; kubernetes; cloud; platform; go,2026-04-06T12:47:57.000Z,management
489,Razoavel,2,Empresa não informada,Tech Lead,<https://www.infojobs.com.br/vaga-de-tech-lead-em-sao-paulo__11463364.aspx>,browser_mcp,"-sao-paulo__11463364.aspx"">",Brazil-friendly remote,brazil_friendly,Lead,,,senior
490,Razoavel,3,Talent Group,11211 - Desenvolvedor de Sistemas,<https://www.vagas.com.br/vagas/v2812423/11211-desenvolvedor-de-sistemas>,browser_mcp,,Brazil-friendly remote,brazil_friendly,Pleno,,,pleno
491,Razoavel,3,Talent Group,11226 - Analista Desenvolvedor Mobile Flutter,<https://www.vagas.com.br/vagas/v2811462/11226-analista-desenvolvedor-mobile-flutter>,browser_mcp,100% Home Office,Brazil-friendly remote,brazil_friendly,Pleno,,,pleno
492,Razoavel,2,Empresa não informada,Tech Lead,<https://www.infojobs.com.br/vaga-de-tech-lead-em-minas-gerais__11556753.aspx>,browser_mcp,"-minas-gerais__11556753.aspx"">",Brazil-friendly remote,brazil_friendly,Lead,,,senior
493,Razoavel,2,Empresa não informada,Líder Técnico (Tech Lead),<https://www.infojobs.com.br/vaga-de-lider-tecnico-tech-lead-em-sao-paulo__11358622.aspx>,browser_mcp,"-sao-paulo__11358622.aspx"">",Brazil-friendly remote,brazil_friendly,Lead,,,senior
494,Razoavel,3,Talent Group,11223 - Analista Desenvolvedor .net,<https://www.vagas.com.br/vagas/v2811127/11223-analista-desenvolvedor-net>,browser_mcp,100% Home Office,Brazil-friendly remote,brazil_friendly,Pleno,,,pleno
495,Razoavel,3,Talent Group,11233 - Analista Desenvolvedor .net,<https://www.vagas.com.br/vagas/v2812715/11233-analista-desenvolvedor-net>,browser_mcp,100% Home Office,Brazil-friendly remote,brazil_friendly,Pleno,,,pleno
496,Razoavel,6,Grafana Labs,Senior Engineering Manager - Corporate Engineering | Sweden | Remote,<https://job-boards.greenhouse.io/grafanalabs/jobs/5844292004>,greenhouse,Sweden (Remote),international fallback,international,Senior,typescript; scrum; kubernetes; cloud; platform; go,2026-04-06T13:02:36.000Z,management
497,Razoavel,3,Synchro,Desenvolvedor ABAP Pleno,<https://www.vagas.com.br/vagas/v2810130/desenvolvedor-abap-pleno>,browser_mcp,100% Home Office,Brazil-friendly remote,brazil_friendly,Pleno,,,pleno
498,Razoavel,3,Confidencial,Engenheiro de Software,<https://www.vagas.com.br/vagas/v2808003/engenheiro-de-software>,browser_mcp,,Brazil-friendly remote,brazil_friendly,Pleno,,,pleno
499,Razoavel,6,Empresa não informada,Desenvolvedor PHP,<https://www.infojobs.com.br/vaga-de-desenvolvedor-php-em-goias__11539943.aspx>,browser_mcp,"-goias__11539943.aspx"">",Brazil-friendly remote,brazil_friendly,Pleno,go,,pleno
500,Razoavel,3,Sillion Serviços de Tecnologia LTDA,Desenvolvedor de Hardware e Firmware,<https://www.vagas.com.br/vagas/v2808619/desenvolvedor-de-hardware-e-firmware>,browser_mcp,,Brazil-friendly remote,brazil_friendly,Pleno,,,pleno
501,Razoavel,4,PagBank,Engenheiro de Software Sr. (Dados),<https://pagseguro.gupy.io/job/eyJqb2JJZCI6MTEyNTgwMzcsInNvdXJjZSI6Imd1cHlfcG9ydGFsIn0=?jobBoardSource=gupy_portal>,browser_mcp,São Paulo,Brazil-based or Remote Brazil,brazil,Senior,,,senior
502,Razoavel,1,Porto,Engenheiro de Software Sênior - Arquiteto de Aplicações,<https://porto.gupy.io/job/eyJqb2JJZCI6MTExNjYwNDIsInNvdXJjZSI6Imd1cHlfcG9ydGFsIn0=?jobBoardSource=gupy_portal>,browser_mcp,Barueri,Brazil-based or Remote Brazil,brazil,Senior,,,senior
503,Razoavel,3,AMAGGI,Analista Sistemas TI | Desenvolvedor Fullstack,<https://www.vagas.com.br/vagas/v2802879/analista-sistemas-ti-desenvolvedor-fullstack>,browser_mcp,,Brazil-friendly remote,brazil_friendly,Pleno,,,pleno
504,Razoavel,3,Talent Group,11231 - Desenvolvedor Mobile Flutter,<https://www.vagas.com.br/vagas/v2812406/11231-desenvolvedor-mobile-flutter>,browser_mcp,100% Home Office,Brazil-friendly remote,brazil_friendly,Pleno,,,pleno
505,Razoavel,4,Confidencial,Desenvolvedor | Júnior,<https://www.vagas.com.br/vagas/v2813357/desenvolvedor-junior>,browser_mcp,100% Home Office,Brazil-friendly remote,brazil_friendly,Junior,,,junior
506,Razoavel,3,Líder Aviação,Analista Desenvolvedor - Belo Horizonte/MG,<https://www.vagas.com.br/vagas/v2796365/analista-desenvolvedor-belo-horizonte-mg>,browser_mcp,,Brazil-friendly remote,brazil_friendly,Pleno,,,pleno
507,Razoavel,6,Empresa não informada,Desenvolvedor Full Stack Mobile,<https://www.infojobs.com.br/vaga-de-desenvolvedor-full-stack-mobile-em-goias__11547106.aspx>,browser_mcp,"-goias__11547106.aspx"">",Brazil-friendly remote,brazil_friendly,Pleno,go,,pleno
508,Razoavel,3,FIESP,Analista de Sistemas II,<https://www.vagas.com.br/vagas/v2810922/analista-de-sistemas-ii>,browser_mcp,,Brazil-friendly remote,brazil_friendly,Pleno,,,pleno
509,Razoavel,3,FFM,Analista de Sistemas Pleno (ERP),<https://www.vagas.com.br/vagas/v2811545/analista-de-sistemas-pleno-erp>,browser_mcp,,Brazil-friendly remote,brazil_friendly,Pleno,,,pleno
510,Razoavel,2,Empresa não informada,Tech Lead Fullstack,<https://www.infojobs.com.br/vaga-de-tech-lead-fullstack-em-__11404208.aspx>,browser_mcp,"-__11404208.aspx"">",Brazil-friendly remote,brazil_friendly,Lead,,,senior
511,Razoavel,3,Ânima,Desenvolvedor de Sistemas I_ânima Holding,<https://www.vagas.com.br/vagas/v2809918/desenvolvedor-de-sistemas-i_anima-holding>,browser_mcp,100% Home Office,Brazil-friendly remote,brazil_friendly,Pleno,,,pleno
512,Razoavel,3,Grupo Dislub Equador,Desenvolvedor de Soluções (Dados),<https://www.vagas.com.br/vagas/v2810295/desenvolvedor-de-solucoes-dados>,browser_mcp,,Brazil-friendly remote,brazil_friendly,Pleno,,,pleno
513,Razoavel,3,Ciesp,Analista Programador Pleno,<https://www.vagas.com.br/vagas/v2806391/analista-programador-pleno>,browser_mcp,,Brazil-friendly remote,brazil_friendly,Pleno,,,pleno
514,Razoavel,3,J&amp;T Express,Analista de Sistemas Wms,<https://www.vagas.com.br/vagas/v2808441/analista-de-sistemas-wms>,browser_mcp,,Brazil-friendly remote,brazil_friendly,Pleno,,,pleno
515,Razoavel,3,Confidencial,Desenvolvedor de Negócios e Parcerias | Automação e Audiovisual,<https://www.vagas.com.br/vagas/v2811828/desenvolvedor-de-negocios-e-parcerias-automacao-e-audiovisual>,browser_mcp,,Brazil-friendly remote,brazil_friendly,Pleno,,,pleno
516,Razoavel,2,Empresa não informada,Coordenador Tech Lead,<https://www.infojobs.com.br/vaga-de-coordenador-tech-lead-em-sao-paulo__11520975.aspx>,browser_mcp,"-sao-paulo__11520975.aspx"">",Brazil-friendly remote,brazil_friendly,Lead,,,senior
517,Razoavel,3,Inspirali,Desenvolvedor Full Stack,<https://www.vagas.com.br/vagas/v2810179/desenvolvedor-full-stack>,browser_mcp,100% Home Office,Brazil-friendly remote,brazil_friendly,Pleno,,,pleno
518,Razoavel,3,Sillion Serviços de Tecnologia LTDA,Desenvolvedor Full Stack,<https://www.vagas.com.br/vagas/v2809025/desenvolvedor-full-stack>,browser_mcp,,Brazil-friendly remote,brazil_friendly,Pleno,,,pleno
519,Razoavel,3,bp bioenergy,Engenheira/Engenheiro Dados Pl,<https://www.vagas.com.br/vagas/v2811355/engenheira-engenheiro-dados-pl>,browser_mcp,,Brazil-friendly remote,brazil_friendly,Pleno,,,pleno
520,Razoavel,0,Empresa não informada,Desenvolvedor(A) Full Stack,<https://www.infojobs.com.br/vaga-de-desenvolvedora-full-stack-em-sao-paulo__11622677.aspx>,browser_mcp,"-sao-paulo__11622677.aspx"">",Brazil-friendly remote,brazil_friendly,Pleno,,,pleno
521,Razoavel,0,Empresa não informada,Desenvolvedor Fullstack Sênior,<https://www.infojobs.com.br/vaga-de-desenvolvedor-fullstack-senior-em-__11559996.aspx>,browser_mcp,"-__11559996.aspx"">",Brazil-friendly remote,brazil_friendly,Senior,,,senior
522,Razoavel,0,Empresa não informada,Analista De Qualidade Pleno (Auditorias),<https://www.infojobs.com.br/vaga-de-analista-qualidade-pleno-auditorias-em-rio-janeiro__11572772.aspx>,browser_mcp,"-rio-janeiro__11572772.aspx"">",Brazil-friendly remote,brazil_friendly,Pleno,,,qa
523,Razoavel,0,Empresa não informada,ANALISTA DE QUALIDADE- RECLAME AQUI -CANAIS SENSÍVEIS | SEGUROS,<https://www.infojobs.com.br/vaga-de-analista-qualidade-reclame-canais-sensiveis-seguros-em-sao-paulo__11561133.aspx>,browser_mcp,"-sao-paulo__11561133.aspx"">",Brazil-friendly remote,brazil_friendly,Unspecified,,,qa
524,Razoavel,0,TEM Saúde,Gerente de IA / Head of AI / AI Engineering Manager,<https://temsaude.gupy.io/job/eyJqb2JJZCI6MTEyNTA2MzQsInNvdXJjZSI6Imd1cHlfcG9ydGFsIn0=?jobBoardSource=gupy_portal>,browser_mcp,São Paulo,Brazil-based or Remote Brazil,brazil,Unspecified,,,management
525,Razoavel,0,Empresa não informada,Analista De Qualidade Caxias Do Sul #1264,<https://www.infojobs.com.br/vaga-de-analista-qualidade-caxias-do-sul-1264-em-rio-grande-do-sul__11509225.aspx>,browser_mcp,"-rio-grande-do-sul__11509225.aspx"">",Brazil-friendly remote,brazil_friendly,Unspecified,,,qa
526,Razoavel,0,Empresa não informada,Desenvolvedor Devops,<https://www.infojobs.com.br/vaga-de-desenvolvedor-devops-em-__11587921.aspx>,browser_mcp,"-__11587921.aspx"">",Brazil-friendly remote,brazil_friendly,Pleno,,,devops
527,Razoavel,0,Empresa não informada,Desenvolvedor De Software - Casa,<https://www.infojobs.com.br/vaga-de-desenvolvedor-software-casa-em-parana__11616056.aspx>,browser_mcp,"-parana__11616056.aspx"">",Brazil-friendly remote,brazil_friendly,Pleno,,,pleno
528,Razoavel,0,Empresa não informada,Analista De Qualidade,<https://www.infojobs.com.br/vaga-de-analista-qualidade-em-parana__11608854.aspx>,browser_mcp,"-parana__11608854.aspx"">",Brazil-friendly remote,brazil_friendly,Unspecified,,,qa
529,Razoavel,0,Empresa não informada,ANALISTA DE QUALIDADE E PROCESSOS JÚNIOR,<https://www.infojobs.com.br/vaga-de-analista-qualidade-processos-junior-em-parana__11618380.aspx>,browser_mcp,"-parana__11618380.aspx"">",Brazil-friendly remote,brazil_friendly,Junior,,,qa
530,Razoavel,0,Empresa não informada,Desenvolvedor .NET,<https://www.infojobs.com.br/vaga-de-desenvolvedor-net-em-parana__11599960.aspx>,browser_mcp,"-parana__11599960.aspx"">",Brazil-friendly remote,brazil_friendly,Pleno,,,pleno
531,Razoavel,0,Empresa não informada,Desenvolvedor Fullstack - Jr,<https://www.infojobs.com.br/vaga-de-desenvolvedor-fullstack-jr-em-sao-paulo__11405471.aspx>,browser_mcp,"-sao-paulo__11405471.aspx"">",Brazil-friendly remote,brazil_friendly,Junior,,,junior
532,Razoavel,0,Empresa não informada,Desenvolvedor .Net PL,<https://www.infojobs.com.br/vaga-de-desenvolvedor-net-pl-em-sao-paulo__11566723.aspx>,browser_mcp,"-sao-paulo__11566723.aspx"">",Brazil-friendly remote,brazil_friendly,Pleno,,,pleno
533,Razoavel,0,Empresa não informada,Especialista Em Devops / SRE,<https://www.infojobs.com.br/vaga-de-especialista-devops-sre-em-sao-paulo__11623675.aspx>,browser_mcp,"-sao-paulo__11623675.aspx"">",Brazil-friendly remote,brazil_friendly,Unspecified,,,devops
534,Razoavel,0,Empresa não informada,Analista De Qualidade,<https://www.infojobs.com.br/vaga-de-analista-qualidade-em-parana__11597764.aspx>,browser_mcp,"-parana__11597764.aspx"">",Brazil-friendly remote,brazil_friendly,Unspecified,,,qa
535,Razoavel,0,Empresa não informada,Analista De Qualidade/Regulatórios,<https://www.infojobs.com.br/vaga-de-analista-qualidaderegulatorios-em-sao-paulo__11593502.aspx>,browser_mcp,"-sao-paulo__11593502.aspx"">",Brazil-friendly remote,brazil_friendly,Unspecified,,,qa
536,Razoavel,0,Empresa não informada,ANALISTA DE QUALIDADE JR - LOUVEIRA/SP,<https://www.infojobs.com.br/vaga-de-analista-qualidade-jr-louveirasp-em-sao-paulo__11582894.aspx>,browser_mcp,"-sao-paulo__11582894.aspx"">",Brazil-friendly remote,brazil_friendly,Junior,,,qa
537,Razoavel,0,Stefanini Latam,DevOps / Cloud (para FinOps),<https://stefaninilatam.gupy.io/job/eyJqb2JJZCI6MTEyNjg1NDEsInNvdXJjZSI6Imd1cHlfcG9ydGFsIn0=?jobBoardSource=gupy_portal>,browser_mcp,Lima,Brazil-friendly remote,brazil_friendly,Unspecified,cloud,,devops
538,Razoavel,0,Empresa não informada,Desenvolvedor Fullstack - Html/CSS/PHP - Pleno/Senior,<https://www.infojobs.com.br/vaga-de-desenvolvedor-fullstack-htmlcssphp-plenosenior-em-sao-paulo__11524558.aspx>,browser_mcp,"-sao-paulo__11524558.aspx"">",Brazil-friendly remote,brazil_friendly,Senior,html-css,,senior
539,Razoavel,0,AeC,Analista de Qualidade Sênior - Call Center,<https://www.vagas.com.br/vagas/v2813940/analista-de-qualidade-senior-call-center>,browser_mcp,,Brazil-friendly remote,brazil_friendly,Senior,,,qa
540,Razoavel,0,Empresa não informada,Analista De Qualidade Jr. (Chicotes Elétricos),<https://www.infojobs.com.br/vaga-de-analista-qualidade-jr-chicotes-eletricos-em-minas-gerais__11576127.aspx>,browser_mcp,"-minas-gerais__11576127.aspx"">",Brazil-friendly remote,brazil_friendly,Junior,,,qa
541,Razoavel,0,BRN Construtora,Analista de Qualidade Jr. | Araraquara,<https://brnpar.gupy.io/job/eyJqb2JJZCI6MTEyOTQ5NzYsInNvdXJjZSI6Imd1cHlfcG9ydGFsIn0=?jobBoardSource=gupy_portal>,browser_mcp,Araraquara,Brazil-friendly remote,brazil_friendly,Junior,,,qa
542,Razoavel,0,Empresa não informada,Analista De Qualidade (Experiência Em Obras/Construção),<https://www.infojobs.com.br/vaga-de-analista-qualidade-experiencia-obrasconstrucao-em-sao-paulo__11535119.aspx>,browser_mcp,"-sao-paulo__11535119.aspx"">",Brazil-friendly remote,brazil_friendly,Unspecified,,,qa
543,Razoavel,0,Empresa não informada,Programador(A) Full Stack PHP,<https://www.infojobs.com.br/vaga-de-programadora-full-stack-php-em-sao-paulo__11495569.aspx>,browser_mcp,"-sao-paulo__11495569.aspx"">",Brazil-friendly remote,brazil_friendly,Pleno,,,pleno
544,Razoavel,0,Meu Rodapé,Analista de Qualidade e Processos Jr,<https://meurodape.gupy.io/job/eyJqb2JJZCI6MTEyOTQ1MzYsInNvdXJjZSI6Imd1cHlfcG9ydGFsIn0=?jobBoardSource=gupy_portal>,browser_mcp,Itajaí,Brazil-friendly remote,brazil_friendly,Junior,,,qa
545,Razoavel,0,AMAGGI,Analista de Qualidade,<https://www.vagas.com.br/vagas/v2814722/analista-de-qualidade>,browser_mcp,,Brazil-friendly remote,brazil_friendly,Unspecified,,,qa
546,Razoavel,0,AL5 AMAGGI,Especialista de Sistemas - Quality Assurance (QA),<https://www.vagas.com.br/vagas/v2799754/especialista-de-sistemas-quality-assurance-qa>,browser_mcp,100% Home Office,Brazil-friendly remote,brazil_friendly,Unspecified,,,qa
547,Razoavel,0,Grafana Labs,"Engineering Manager, Observability Dept | Ireland | Remote",<https://job-boards.greenhouse.io/grafanalabs/jobs/5984495004>,greenhouse,Republic of Ireland (Remote),international fallback,international,Unspecified,typescript; distributed systems; cloud; platform; go,2026-04-29T13:47:57.000Z,management
548,Razoavel,0,Conspiração,Especialista PO (Product Owner) + QA (Quality Assurance),<https://www.vagas.com.br/vagas/v2802652/especialista-po-product-owner-qa-quality-assurance>,browser_mcp,,Brazil-friendly remote,brazil_friendly,Unspecified,,,qa
549,Razoavel,0,Empresa não informada,Desenvolvedor Sênior,<https://www.infojobs.com.br/vaga-de-desenvolvedor-senior-em-rio-grande-do-sul__11586961.aspx>,browser_mcp,"-rio-grande-do-sul__11586961.aspx"">",Brazil-friendly remote,brazil_friendly,Senior,,,senior
550,Razoavel,0,Empresa não informada,ANALISTA DE QUALIDADE SR – BILINGUE (INGLÊS),<https://www.infojobs.com.br/vaga-de-analista-qualidade-sr-bilingue-ingles-em-sao-paulo__11606598.aspx>,browser_mcp,"-sao-paulo__11606598.aspx"">",Brazil-friendly remote,brazil_friendly,Senior,,,qa
551,Razoavel,0,Empresa não informada,Devops Pleno,<https://www.infojobs.com.br/vaga-de-devops-pleno-em-sao-paulo__11565983.aspx>,browser_mcp,"-sao-paulo__11565983.aspx"">",Brazil-friendly remote,brazil_friendly,Pleno,,,devops
552,Razoavel,0,Confidencial,Desenvolvedor Frontend Sênior,<https://www.vagas.com.br/vagas/v2808023/desenvolvedor-frontend-senior>,browser_mcp,,Brazil-friendly remote,brazil_friendly,Senior,frontend,,senior
553,Razoavel,0,Empresa não informada,Analista De Qualidade,<https://www.infojobs.com.br/vaga-de-analista-qualidade-em-sao-paulo__11596134.aspx>,browser_mcp,"-sao-paulo__11596134.aspx"">",Brazil-friendly remote,brazil_friendly,Unspecified,,,qa
554,Razoavel,0,Empresa não informada,WEG - Desenvolvedor De Sistemas E Integração,<https://www.infojobs.com.br/vaga-de-weg-desenvolvedor-sistemas-integracao-em-santa-catarina__11599966.aspx>,browser_mcp,"as-integracao-em-santa-catarina__11599966.aspx"">",Brazil-friendly remote,brazil_friendly,Pleno,,,pleno
555,Razoavel,0,Empresa não informada,Analista Desenvolvedor Pleno .Net,<https://www.infojobs.com.br/vaga-de-analista-desenvolvedor-pleno-net-em-sao-paulo__11577143.aspx>,browser_mcp,"-sao-paulo__11577143.aspx"">",Brazil-friendly remote,brazil_friendly,Pleno,,,pleno
556,Razoavel,0,Empresa não informada,Analista De Qualidade Sênior Guarulhos,<https://www.infojobs.com.br/vaga-de-analista-qualidade-senior-guarulhos-em-sao-paulo__11595871.aspx>,browser_mcp,"-sao-paulo__11595871.aspx"">",Brazil-friendly remote,brazil_friendly,Senior,,,qa
557,Razoavel,0,Zeentech,Analista de Qualidade,<https://www.vagas.com.br/vagas/v2813497/analista-de-qualidade>,browser_mcp,,Brazil-friendly remote,brazil_friendly,Unspecified,,,qa
558,Razoavel,0,Empresa não informada,Analista De Qualidade Pleno,<https://www.infojobs.com.br/vaga-de-analista-qualidade-pleno-em-parana__11592578.aspx>,browser_mcp,"-parana__11592578.aspx"">",Brazil-friendly remote,brazil_friendly,Pleno,,,qa
559,Razoavel,0,Cinpal,Analista de Qualidade,<https://cinpal.gupy.io/job/eyJqb2JJZCI6MTEyNDM3NjQsInNvdXJjZSI6Imd1cHlfcG9ydGFsIn0=?jobBoardSource=gupy_portal>,browser_mcp,Taboão da Serra,Brazil-friendly remote,brazil_friendly,Unspecified,,,qa
560,Razoavel,0,Empresa não informada,Desenvolvedor(A) - (Foco Em IA),<https://www.infojobs.com.br/vaga-de-desenvolvedora-foco-ia-em-parana__11618350.aspx>,browser_mcp,"-parana__11618350.aspx"">",Brazil-friendly remote,brazil_friendly,Pleno,,,pleno
561,Razoavel,0,Empresa não informada,Analista De Qualidade Pleno,<https://www.infojobs.com.br/vaga-de-analista-qualidade-pleno-em-sao-paulo__11608162.aspx>,browser_mcp,"-sao-paulo__11608162.aspx"">",Brazil-friendly remote,brazil_friendly,Pleno,,,qa
562,Razoavel,0,Empresa não informada,Desenvolvedor .NET - Sênior (VB.NET/Webforms),<https://www.infojobs.com.br/vaga-de-desenvolvedor-net-senior-vbnetwebforms-em-sao-paulo__11600647.aspx>,browser_mcp,"-sao-paulo__11600647.aspx"">",Brazil-friendly remote,brazil_friendly,Senior,,,senior
563,Razoavel,0,Empresa não informada,Analista Desenvolvedor Sênior,<https://www.infojobs.com.br/vaga-de-analista-desenvolvedor-senior-em-sao-paulo__11582488.aspx>,browser_mcp,"-sao-paulo__11582488.aspx"">",Brazil-friendly remote,brazil_friendly,Senior,,,senior
564,Razoavel,0,Empresa não informada,Desenvolvedor De Hardware,<https://www.infojobs.com.br/vaga-de-desenvolvedor-hardware-em-rio-grande-do-sul__11598771.aspx>,browser_mcp,"-rio-grande-do-sul__11598771.aspx"">",Brazil-friendly remote,brazil_friendly,Pleno,,,pleno
565,Razoavel,0,Empresa não informada,Analista De Qualidade - HVAC &amp; OBRAS,<https://www.infojobs.com.br/vaga-de-analista-qualidade-hvac-obras-em-__11624522.aspx>,browser_mcp,"-__11624522.aspx"">",Brazil-friendly remote,brazil_friendly,Unspecified,,,qa
566,Razoavel,0,Empresa não informada,Desenvolvedor Junior (Trainee),<https://www.infojobs.com.br/vaga-de-desenvolvedor-junior-trainee-em-rio-grande-do-sul__11607466.aspx>,browser_mcp,"-rio-grande-do-sul__11607466.aspx"">",Brazil-friendly remote,brazil_friendly,Junior,,,junior
567,Razoavel,0,Empresa não informada,ANALISTA DE QUALIDADE JR - CLT,<https://www.infojobs.com.br/vaga-de-analista-qualidade-jr-clt-em-sao-paulo__11586039.aspx>,browser_mcp,"-sao-paulo__11586039.aspx"">",Brazil-friendly remote,brazil_friendly,Junior,,,qa
568,Razoavel,0,Confidencial,Analista Desenvolvedor Cobol Sr,<https://www.vagas.com.br/vagas/v2812503/analista-desenvolvedor-cobol-sr>,browser_mcp,,Brazil-friendly remote,brazil_friendly,Senior,,,senior
569,Razoavel,0,Empresa não informada,Analista De Qualidade,<https://www.infojobs.com.br/vaga-de-analista-qualidade-em-minas-gerais__11597772.aspx>,browser_mcp,"-minas-gerais__11597772.aspx"">",Brazil-friendly remote,brazil_friendly,Unspecified,,,qa
570,Razoavel,0,Empresa não informada,Analista De Qualidade De TI,<https://www.infojobs.com.br/vaga-de-analista-qualidade-ti-em-santa-catarina__11607521.aspx>,browser_mcp,"-santa-catarina__11607521.aspx"">",Brazil-friendly remote,brazil_friendly,Unspecified,,,qa
571,Razoavel,0,Empresa não informada,Devops Pleno - Chatwoot,<https://www.infojobs.com.br/vaga-de-devops-pleno-chatwoot-em-espirito-santo__11612509.aspx>,browser_mcp,"-espirito-santo__11612509.aspx"">",Brazil-friendly remote,brazil_friendly,Pleno,,,devops
572,Razoavel,0,Empresa não informada,Técnico Programador Júnior,<https://www.infojobs.com.br/vaga-de-tecnico-programador-junior-em-sao-paulo__11622680.aspx>,browser_mcp,"-sao-paulo__11622680.aspx"">",Brazil-friendly remote,brazil_friendly,Junior,,,junior
573,Razoavel,0,Stefanini Group,Analista Cloud Devops SR,<https://stefanini.gupy.io/job/eyJqb2JJZCI6MTEyOTMxNjAsInNvdXJjZSI6Imd1cHlfcG9ydGFsIn0=?jobBoardSource=gupy_portal>,browser_mcp,Vitória,Brazil-friendly remote,brazil_friendly,Senior,cloud,,devops
574,Razoavel,0,Empresa não informada,Desenvolvedor PHP Sênior (PJ),<https://www.infojobs.com.br/vaga-de-desenvolvedor-php-senior-pj-em-rio-grande-do-sul__11623343.aspx>,browser_mcp,"-rio-grande-do-sul__11623343.aspx"">",Brazil-friendly remote,brazil_friendly,Senior,,,senior
575,Razoavel,0,Empresa não informada,Analista Devops Sênior (Azure),<https://www.infojobs.com.br/vaga-de-analista-devops-senior-azure-em-__11573092.aspx>,browser_mcp,"-__11573092.aspx"">",Brazil-friendly remote,brazil_friendly,Senior,azure,,devops
576,Razoavel,0,J&amp;T Express,Analista de Qualidade de Dados Pleno,<https://www.vagas.com.br/vagas/v2811991/analista-de-qualidade-de-dados-pleno>,browser_mcp,,Brazil-friendly remote,brazil_friendly,Pleno,,,qa
577,Razoavel,0,Empresa não informada,Analista De Qualidade,<https://www.infojobs.com.br/vaga-de-analista-qualidade-em-rio-janeiro__11572880.aspx>,browser_mcp,"-rio-janeiro__11572880.aspx"">",Brazil-friendly remote,brazil_friendly,Unspecified,,,qa
578,Razoavel,0,Empresa não informada,ANALISTA DE QUALIDADE DE PROCESSOS SR - TÊXTIL,<https://www.infojobs.com.br/vaga-de-analista-qualidade-processos-sr-textil-em-santa-catarina__11573874.aspx>,browser_mcp,"-santa-catarina__11573874.aspx"">",Brazil-friendly remote,brazil_friendly,Senior,,,qa
579,Razoavel,0,XP Inc.,"Engenheiro(a) de Software | Júnior, Pleno, Sênior e Especialista",<https://www.vagas.com.br/vagas/v2809382/engenheiro-a-de-software-junior-pleno-senior-e-especialista>,browser_mcp,,Brazil-friendly remote,brazil_friendly,Senior,,,senior
580,Razoavel,0,Empresa não informada,Desenvolvedor(A) Full Stack,<https://www.infojobs.com.br/vaga-de-desenvolvedora-full-stack-em-rio-janeiro__11264475.aspx>,browser_mcp,"-rio-janeiro__11264475.aspx"">",Brazil-friendly remote,brazil_friendly,Pleno,,,pleno
581,Razoavel,0,Empresa não informada,Desenvolvedor Frontend Sênior,<https://www.infojobs.com.br/vaga-de-desenvolvedor-frontend-senior-em-rio-janeiro__11480937.aspx>,browser_mcp,"-rio-janeiro__11480937.aspx"">",Brazil-friendly remote,brazil_friendly,Senior,frontend,,senior
582,Razoavel,0,Empresa não informada,Desenvolvedor(A) .NET Sênior (VB.NET/Webforms),<https://www.infojobs.com.br/vaga-de-desenvolvedora-net-senior-vbnetwebforms-em-sao-paulo__11582857.aspx>,browser_mcp,"-sao-paulo__11582857.aspx"">",Brazil-friendly remote,brazil_friendly,Senior,,,senior
583,Razoavel,0,Hyundai Steel Brasil,Analista de Qualidade,<https://www.vagas.com.br/vagas/v2813290/analista-de-qualidade>,browser_mcp,,Brazil-friendly remote,brazil_friendly,Unspecified,,,qa
584,Razoavel,0,Empresa não informada,Analista De Qualidade Jr.,<https://www.infojobs.com.br/vaga-de-analista-qualidade-jr-em-sao-paulo__11605645.aspx>,browser_mcp,"-sao-paulo__11605645.aspx"">",Brazil-friendly remote,brazil_friendly,Junior,,,qa
585,Razoavel,0,Empresa não informada,DESENVOLVEDOR DE SOFTWARE - Pleno - PJ,<https://www.infojobs.com.br/vaga-de-desenvolvedor-software-pleno-pj-em-rio-janeiro__11615507.aspx>,browser_mcp,"-rio-janeiro__11615507.aspx"">",Brazil-friendly remote,brazil_friendly,Pleno,,,pleno
586,Razoavel,0,Empresa não informada,Desenvolvedor Full Stack,<https://www.infojobs.com.br/vaga-de-desenvolvedor-full-stack-em-sao-paulo__11619445.aspx>,browser_mcp,"-sao-paulo__11619445.aspx"">",Brazil-friendly remote,brazil_friendly,Pleno,,,pleno
587,Razoavel,0,Empresa não informada,Desenvolvedor De Software .NET SR,<https://www.infojobs.com.br/vaga-de-desenvolvedor-software-net-sr-em-parana__11583601.aspx>,browser_mcp,"-parana__11583601.aspx"">",Brazil-friendly remote,brazil_friendly,Senior,,,senior
588,Razoavel,0,Empresa não informada,Desenvolvedor De Software IA,<https://www.infojobs.com.br/vaga-de-desenvolvedor-software-ia-em-parana__11623322.aspx>,browser_mcp,"-parana__11623322.aspx"">",Brazil-friendly remote,brazil_friendly,Pleno,,,pleno
589,Razoavel,0,Empresa não informada,Analista De Qualidade De Logística - Melhoria Continua -,<https://www.infojobs.com.br/vaga-de-analista-qualidade-logistica-melhoria-continua--em-sao-paulo__11590144.aspx>,browser_mcp,"-sao-paulo__11590144.aspx"">",Brazil-friendly remote,brazil_friendly,Unspecified,,,qa
590,Razoavel,0,Empresa não informada,Analista De Qualidade,<https://www.infojobs.com.br/vaga-de-analista-qualidade-em-espirito-santo__11576051.aspx>,browser_mcp,"-espirito-santo__11576051.aspx"">",Brazil-friendly remote,brazil_friendly,Unspecified,,,qa
591,Razoavel,0,Empresa não informada,Analista Desenvolvedor Java Sênior,<https://www.infojobs.com.br/vaga-de-analista-desenvolvedor-java-senior-em-__11570004.aspx>,browser_mcp,"-__11570004.aspx"">",Brazil-friendly remote,brazil_friendly,Senior,java,,senior
592,Razoavel,0,Líder Aviação,Analista de Qualidade - Aeroporto de Congonhas/SP,<https://www.vagas.com.br/vagas/v2790840/analista-de-qualidade-aeroporto-de-congonhas-sp>,browser_mcp,,Brazil-friendly remote,brazil_friendly,Unspecified,go,,qa
593,Razoavel,0,Empresa não informada,Desenvolvedor Full Stack - Pl,<https://www.infojobs.com.br/vaga-de-desenvolvedor-full-stack-pl-em-rio-grande-do-sul__11526545.aspx>,browser_mcp,"-rio-grande-do-sul__11526545.aspx"">",Brazil-friendly remote,brazil_friendly,Pleno,,,pleno
594,Razoavel,0,Ciesp,Analista de Infraestrutura Sênior,<https://www.vagas.com.br/vagas/v2814381/analista-de-infraestrutura-senior>,browser_mcp,,Brazil-friendly remote,brazil_friendly,Senior,,,devops
595,Razoavel,0,FFM,Analista de Sistemas Sr. (Sistema MV),<https://www.vagas.com.br/vagas/v2812653/analista-de-sistemas-sr-sistema-mv>,browser_mcp,,Brazil-friendly remote,brazil_friendly,Senior,,,senior
596,Razoavel,0,Empresa não informada,Analista De Qualidade,<https://www.infojobs.com.br/vaga-de-analista-qualidade-em-sao-paulo__11589684.aspx>,browser_mcp,"-sao-paulo__11589684.aspx"">",Brazil-friendly remote,brazil_friendly,Unspecified,,,qa
597,Razoavel,0,Empresa não informada,Desenvolvedor Fullstack Pleno,<https://www.infojobs.com.br/vaga-de-desenvolvedor-fullstack-pleno-em-sao-paulo__11557079.aspx>,browser_mcp,"-sao-paulo__11557079.aspx"">",Brazil-friendly remote,brazil_friendly,Pleno,,,pleno
598,Razoavel,0,Empresa não informada,Product Owner,<https://www.infojobs.com.br/vaga-de-product-owner-em-sao-paulo__11576618.aspx>,browser_mcp,"-sao-paulo__11576618.aspx"">",Brazil-friendly remote,brazil_friendly,Unspecified,,,management
599,Razoavel,0,Empresa não informada,Engenheiro De Software - Senior,<https://www.infojobs.com.br/vaga-de-engenheiro-software-senior-em-sao-paulo__11361951.aspx>,browser_mcp,"-sao-paulo__11361951.aspx"">",Brazil-friendly remote,brazil_friendly,Senior,,,senior
600,Razoavel,0,Expresso Nepomuceno,Analista de Qualidade PL - Lavras MG - Vaga também para PcD,<https://en.gupy.io/job/eyJqb2JJZCI6MTEyNTgzNTgsInNvdXJjZSI6Imd1cHlfcG9ydGFsIn0=?jobBoardSource=gupy_portal>,browser_mcp,Lavras,Brazil-friendly remote,brazil_friendly,Unspecified,,,qa
601,Razoavel,0,Viveo,ANALISTA DE QUALIDADE II - Temporário,<https://viveo.gupy.io/job/eyJqb2JJZCI6MTEyOTYzOTIsInNvdXJjZSI6Imd1cHlfcG9ydGFsIn0=?jobBoardSource=gupy_portal>,browser_mcp,Porto Alegre,Brazil-based or Remote Brazil,brazil,Unspecified,,,qa
602,Razoavel,0,FFM,Analista de Sistemas Sr,<https://www.vagas.com.br/vagas/v2813104/analista-de-sistemas-sr>,browser_mcp,,Brazil-friendly remote,brazil_friendly,Senior,,,senior
603,Razoavel,0,Empresa não informada,Desenvolvedor Fluig Sênior,<https://www.infojobs.com.br/vaga-de-desenvolvedor-fluig-senior-em-rio-janeiro__11523045.aspx>,browser_mcp,"-rio-janeiro__11523045.aspx"">",Brazil-friendly remote,brazil_friendly,Senior,,,senior
604,Razoavel,0,Empresa não informada,DESENVOLVEDOR SR - JAVA,<https://www.infojobs.com.br/vaga-de-desenvolvedor-sr-java-em-minas-gerais__11076372.aspx>,browser_mcp,"-minas-gerais__11076372.aspx"">",Brazil-friendly remote,brazil_friendly,Senior,java,,senior
605,Razoavel,0,Empresa não informada,Desenvolvedor(A).NET,<https://www.infojobs.com.br/vaga-de-desenvolvedoranet-em-__11622152.aspx>,browser_mcp,"-__11622152.aspx"">",Brazil-friendly remote,brazil_friendly,Pleno,,,pleno
606,Razoavel,0,Empresa não informada,Analista De Qualidade,<https://www.infojobs.com.br/vaga-de-analista-qualidade-em-sao-paulo__11234204.aspx>,browser_mcp,"-sao-paulo__11234204.aspx"">",Brazil-friendly remote,brazil_friendly,Unspecified,,,qa
607,Razoavel,0,Clinicorp Solutions,Analista DevOps Pleno,<https://clinicorp.gupy.io/job/eyJqb2JJZCI6MTEyNjUzNTMsInNvdXJjZSI6Imd1cHlfcG9ydGFsIn0=?jobBoardSource=gupy_portal>,browser_mcp,Jaraguá do Sul,Brazil-friendly remote,brazil_friendly,Pleno,,,devops
608,Razoavel,0,Confidencial,Analista de Qualidade,<https://www.vagas.com.br/vagas/v2807500/analista-de-qualidade>,browser_mcp,,Brazil-friendly remote,brazil_friendly,Unspecified,,,qa
609,Razoavel,0,Empresa não informada,Desenvolvedor Full Stack Júnior,<https://www.infojobs.com.br/vaga-de-desenvolvedor-full-stack-junior-em-__11556597.aspx>,browser_mcp,"-__11556597.aspx"">",Brazil-friendly remote,brazil_friendly,Junior,,,junior
610,Razoavel,0,Empresa não informada,DESENVOLVEDOR PL .NET,<https://www.infojobs.com.br/vaga-de-desenvolvedor-pl-net-em-minas-gerais__11484458.aspx>,browser_mcp,"-minas-gerais__11484458.aspx"">",Brazil-friendly remote,brazil_friendly,Pleno,,,pleno
611,Razoavel,0,Empresa não informada,Analista Devops Sênior,<https://www.infojobs.com.br/vaga-de-analista-devops-senior-em-sao-paulo__11572537.aspx>,browser_mcp,"-sao-paulo__11572537.aspx"">",Brazil-friendly remote,brazil_friendly,Senior,,,devops
612,Razoavel,0,Empresa não informada,Analista De Qualidade Sênior- Osasco,<https://www.infojobs.com.br/vaga-de-analista-qualidade-senior-osasco-em-sao-paulo__11595964.aspx>,browser_mcp,"-sao-paulo__11595964.aspx"">",Brazil-friendly remote,brazil_friendly,Senior,,,qa
613,Razoavel,0,LEGRAND BRASIL LTDA,Analista de Qualidade Jr,<https://www.vagas.com.br/vagas/v2809420/analista-de-qualidade-jr>,browser_mcp,,Brazil-friendly remote,brazil_friendly,Junior,,,qa
614,Razoavel,0,Empresa não informada,Devops Júnior - Recife/PE,<https://www.infojobs.com.br/vaga-de-devops-junior-recifepe-em-pernambuco__11404478.aspx>,browser_mcp,"-pernambuco__11404478.aspx"">",Brazil-friendly remote,brazil_friendly,Junior,,,devops
615,Razoavel,0,Empresa não informada,Analista Devops Junior,<https://www.infojobs.com.br/vaga-de-analista-devops-junior-em-sao-paulo__11471859.aspx>,browser_mcp,"-sao-paulo__11471859.aspx"">",Brazil-friendly remote,brazil_friendly,Junior,,,devops
616,Razoavel,0,Empresa não informada,ANALISTA DE QUALIDADE SÊNIOR (QA) - SAO PAULO,<https://www.infojobs.com.br/vaga-de-analista-qualidade-senior-qa-sao-paulo-em-sao-paulo__11555874.aspx>,browser_mcp,"-sao-paulo__11555874.aspx"">",Brazil-friendly remote,brazil_friendly,Senior,,,qa
617,Razoavel,0,Empresa não informada,Desenvolvedor(A) Júnior (.NET / C#) - Espanhol Fluente,<https://www.infojobs.com.br/vaga-de-desenvolvedora-junior-net-c-espanhol-fluente-em-sao-paulo__11614333.aspx>,browser_mcp,"-sao-paulo__11614333.aspx"">",Brazil-friendly remote,brazil_friendly,Junior,,,junior
618,Razoavel,0,Empresa não informada,Desenvolvedor Jr,<https://www.infojobs.com.br/vaga-de-desenvolvedor-jr-em-sao-paulo__11352750.aspx>,browser_mcp,"-sao-paulo__11352750.aspx"">",Brazil-friendly remote,brazil_friendly,Junior,,,junior
619,Razoavel,0,Empresa não informada,Analista De Qualidade,<https://www.infojobs.com.br/vaga-de-analista-qualidade-em-rio-grande-do-sul__11582018.aspx>,browser_mcp,"-rio-grande-do-sul__11582018.aspx"">",Brazil-friendly remote,brazil_friendly,Unspecified,,,qa
620,Razoavel,0,Empresa não informada,ANALISTA DE QUALIDADE PLENO- ZONA SUL,<https://www.infojobs.com.br/vaga-de-analista-qualidade-pleno-zona-sul-em-sao-paulo__11611029.aspx>,browser_mcp,"-sao-paulo__11611029.aspx"">",Brazil-friendly remote,brazil_friendly,Pleno,,,qa
621,Razoavel,0,Empresa não informada,Analista De Qualidade - Operação De Atendimento,<https://www.infojobs.com.br/vaga-de-analista-qualidade-operacao-atendimento-em-sao-paulo__11621990.aspx>,browser_mcp,"-sao-paulo__11621990.aspx"">",Brazil-friendly remote,brazil_friendly,Unspecified,,,qa
622,Razoavel,0,Empresa não informada,Analista De Qualidade - Aeroporto De Congonhas/SP,<https://www.infojobs.com.br/vaga-de-analista-qualidade-aeroporto-congonhassp-em-sao-paulo__11620996.aspx>,browser_mcp,"-sao-paulo__11620996.aspx"">",Brazil-friendly remote,brazil_friendly,Unspecified,go,,qa
623,Razoavel,0,Empresa não informada,Desenvolvedor Full Stack - Pleno (Banco De Talento),<https://www.infojobs.com.br/vaga-de-desenvolvedor-full-stack-pleno-banco-talento-em-sao-paulo__11623433.aspx>,browser_mcp,"-sao-paulo__11623433.aspx"">",Brazil-friendly remote,brazil_friendly,Pleno,,,pleno
624,Razoavel,0,Empresa não informada,Analista De Qualidade Pl. (Scrum Master),<https://www.infojobs.com.br/vaga-de-analista-qualidade-pl-scrum-master-em-pernambuco__11576301.aspx>,browser_mcp,"-pernambuco__11576301.aspx"">",Brazil-friendly remote,brazil_friendly,Unspecified,scrum,,qa
625,Razoavel,0,Empresa não informada,Desenvolvedor(A) De Vendas Sênior - ( Seller Dev ),<https://www.infojobs.com.br/vaga-de-desenvolvedora-vendas-senior-seller-dev--em-sao-paulo__11573467.aspx>,browser_mcp,"-sao-paulo__11573467.aspx"">",Brazil-friendly remote,brazil_friendly,Senior,,,senior
626,Razoavel,0,Empresa não informada,Analista De Qualidade De Obras,<https://www.infojobs.com.br/vaga-de-analista-qualidade-obras-em-sao-paulo__11593504.aspx>,browser_mcp,"-sao-paulo__11593504.aspx"">",Brazil-friendly remote,brazil_friendly,Unspecified,,,qa
627,Razoavel,0,Empresa não informada,Desenvolvedor De Firmware &amp; Iot (PJ),<https://www.infojobs.com.br/vaga-de-desenvolvedor-firmware-iot-pj-em-sao-paulo__11501791.aspx>,browser_mcp,"-sao-paulo__11501791.aspx"">",Brazil-friendly remote,brazil_friendly,Pleno,,,pleno
628,Razoavel,0,Empresa não informada,ADMINISTRADOR DE REDE SENIOR [Devops],<https://www.infojobs.com.br/vaga-de-administrador-rede-senior-devops-em-santa-catarina__11568565.aspx>,browser_mcp,"-santa-catarina__11568565.aspx"">",Brazil-friendly remote,brazil_friendly,Senior,,,devops
629,Razoavel,0,Empresa não informada,Desenvolvedor Pleno PHP Fullstack,<https://www.infojobs.com.br/vaga-de-desenvolvedor-pleno-php-fullstack-em-parana__11397732.aspx>,browser_mcp,"-parana__11397732.aspx"">",Brazil-friendly remote,brazil_friendly,Pleno,,,pleno
630,Razoavel,0,Empresa não informada,Desenvolvedor(A) Fullstack (Angular + PHP/Laravel),<https://www.infojobs.com.br/vaga-de-desenvolvedora-fullstack-angular-phplaravel-em-espirito-santo__11133427.aspx>,browser_mcp,"-espirito-santo__11133427.aspx"">",Brazil-friendly remote,brazil_friendly,Pleno,,,pleno
631,Razoavel,0,Epimed Solutions,Desenvolvedor de Automações RPA – Pleno/Sênior,<https://www.vagas.com.br/vagas/v2810353/desenvolvedor-de-automacoes-rpa-pleno-senior>,browser_mcp,100% Home Office,Brazil-friendly remote,brazil_friendly,Senior,,,senior
632,Razoavel,0,Empresa não informada,Desenvolvedor(A) Delphi Pleno,<https://www.infojobs.com.br/vaga-de-desenvolvedora-delphi-pleno-em-rio-grande-do-sul__11607467.aspx>,browser_mcp,"-rio-grande-do-sul__11607467.aspx"">",Brazil-friendly remote,brazil_friendly,Pleno,,,pleno
633,Razoavel,0,Empresa não informada,Analista De Qualidade,<https://www.infojobs.com.br/vaga-de-analista-qualidade-em-sao-paulo__11607925.aspx>,browser_mcp,"-sao-paulo__11607925.aspx"">",Brazil-friendly remote,brazil_friendly,Unspecified,,,qa
634,Razoavel,0,Grafana Labs,"Engineering Manager, Observability Dept | Sweden | Remote",<https://job-boards.greenhouse.io/grafanalabs/jobs/5984494004>,greenhouse,Sweden (Remote),international fallback,international,Unspecified,typescript; distributed systems; cloud; platform; go,2026-04-29T13:48:00.000Z,management
635,Razoavel,0,Empresa não informada,Analista De Qualidade Sênior Natal- RN,<https://www.infojobs.com.br/vaga-de-analista-qualidade-senior-natal-rn-em-rio-grande-do-norte__11595999.aspx>,browser_mcp,"-rio-grande-do-norte__11595999.aspx"">",Brazil-friendly remote,brazil_friendly,Senior,,,qa
636,Razoavel,0,Empresa não informada,Analista Desenvolvedor Pleno Sankhya,<https://www.infojobs.com.br/vaga-de-analista-desenvolvedor-pleno-sankhya-em-sao-paulo__11279003.aspx>,browser_mcp,"-sao-paulo__11279003.aspx"">",Brazil-friendly remote,brazil_friendly,Pleno,,,pleno
637,Razoavel,0,Empresa não informada,Desenvolvedor Delphi,<https://www.infojobs.com.br/vaga-de-desenvolvedor-delphi-em-rio-grande-do-sul__11564704.aspx>,browser_mcp,"-rio-grande-do-sul__11564704.aspx"">",Brazil-friendly remote,brazil_friendly,Pleno,,,pleno
638,Razoavel,0,Grupo SERES,Analista de Qualidade Jr (Validação de Planilhas),<https://www.vagas.com.br/vagas/v2794270/analista-de-qualidade-jr-validacao-de-planilhas>,browser_mcp,,Brazil-friendly remote,brazil_friendly,Junior,,,qa
639,Razoavel,0,Empresa não informada,Pessoa Desenvolvedora De Software,<https://www.infojobs.com.br/vaga-de-pessoa-desenvolvedora-software-em-rio-grande-do-sul__11531342.aspx>,browser_mcp,"-rio-grande-do-sul__11531342.aspx"">",Brazil-friendly remote,brazil_friendly,Pleno,,,pleno
640,Razoavel,0,Empresa não informada,WEG - Desenvolvedor De Softwares Para Indústria,<https://www.infojobs.com.br/vaga-de-weg-desenvolvedor-softwares-industria-em-santa-catarina__11603671.aspx>,browser_mcp,"-santa-catarina__11603671.aspx"">",Brazil-friendly remote,brazil_friendly,Pleno,,,pleno
641,Razoavel,0,Empresa não informada,Analista De Qualidade SR,<https://www.infojobs.com.br/vaga-de-analista-qualidade-sr-em-sao-paulo__11591215.aspx>,browser_mcp,"-sao-paulo__11591215.aspx"">",Brazil-friendly remote,brazil_friendly,Senior,,,qa
642,Razoavel,0,Empresa não informada,Analista De Qualidade,<https://www.infojobs.com.br/vaga-de-analista-qualidade-em-sao-paulo__11606205.aspx>,browser_mcp,"-sao-paulo__11606205.aspx"">",Brazil-friendly remote,brazil_friendly,Unspecified,,,qa
643,Razoavel,0,Empresa não informada,Analista De Qualidade Pleno,<https://www.infojobs.com.br/vaga-de-analista-qualidade-pleno-em-sao-paulo__11587803.aspx>,browser_mcp,"-sao-paulo__11587803.aspx"">",Brazil-friendly remote,brazil_friendly,Pleno,,,qa
644,Razoavel,0,Empresa não informada,Analista De Qualidade- Externo,<https://www.infojobs.com.br/vaga-de-analista-qualidade-externo-em-santa-catarina__11615052.aspx>,browser_mcp,"-santa-catarina__11615052.aspx"">",Brazil-friendly remote,brazil_friendly,Unspecified,,,qa
645,Razoavel,0,Empresa não informada,Desenvolvedor Fullstack,<https://www.infojobs.com.br/vaga-de-desenvolvedor-fullstack-em-__11594026.aspx>,browser_mcp,"-__11594026.aspx"">",Brazil-friendly remote,brazil_friendly,Pleno,,,pleno
646,Razoavel,0,Empresa não informada,ANALISTA DE QUALIDADE E PROCESSOS EM TI SR.,<https://www.infojobs.com.br/vaga-de-analista-qualidade-processos-ti-sr-em-sao-paulo__11564110.aspx>,browser_mcp,"-sao-paulo__11564110.aspx"">",Brazil-friendly remote,brazil_friendly,Senior,,,qa
647,Razoavel,0,Empresa não informada,Desenvolvedor Com Expertise Em PHP,<https://www.infojobs.com.br/vaga-de-desenvolvedor-expertise-php-em-rio-grande-do-sul__11530789.aspx>,browser_mcp,"-rio-grande-do-sul__11530789.aspx"">",Brazil-friendly remote,brazil_friendly,Pleno,,,pleno
648,Razoavel,0,Empresa não informada,Desenvolvedor Full Stack Pleno,<https://www.infojobs.com.br/vaga-de-desenvolvedor-full-stack-pleno-em-sao-paulo__11577470.aspx>,browser_mcp,"-sao-paulo__11577470.aspx"">",Brazil-friendly remote,brazil_friendly,Pleno,,,pleno
649,Razoavel,0,Almaviva Solutions,11293616 | Analista de Testes SR,<https://almavivasolutions.gupy.io/job/eyJqb2JJZCI6MTEyOTM2MTYsInNvdXJjZSI6Imd1cHlfcG9ydGFsIn0=?jobBoardSource=gupy_portal>,browser_mcp,Taboão da Serra,Brazil-friendly remote,brazil_friendly,Senior,,,qa
650,Razoavel,0,Empresa não informada,Engenheiro De Cloud PL (Devops),<https://www.infojobs.com.br/vaga-de-engenheiro-cloud-pl-devops-em-__11609843.aspx>,browser_mcp,"-__11609843.aspx"">",Brazil-friendly remote,brazil_friendly,Unspecified,cloud,,devops
651,Razoavel,0,Empresa não informada,Desenvolvedor De Sistemas - Sênior,<https://www.infojobs.com.br/vaga-de-desenvolvedor-sistemas-senior-em-rio-janeiro__11603674.aspx>,browser_mcp,"as-senior-em-rio-janeiro__11603674.aspx"">",Brazil-friendly remote,brazil_friendly,Senior,,,senior
652,Razoavel,0,Empresa não informada,"Analista De Sistemas SR - Meios De Pagamento - Pinheiros, SP","<https://www.infojobs.com.br/vaga-de-analista-sistemas-sr-meios-pagamento-pinheiros,-sp-em-sao-paulo__11575172.aspx>",browser_mcp,as-sr-meios-pagamento-pinheiros,Brazil-friendly remote,brazil_friendly,Senior,,,senior
653,Razoavel,0,JOBCENTER DO BRASIL LTDA,Analista de Qualidade Sr,<https://www.vagas.com.br/vagas/v2811572/analista-de-qualidade-sr>,browser_mcp,,Brazil-friendly remote,brazil_friendly,Senior,,,qa
654,Razoavel,0,Blue3 Investimentos,Desenvolvedor Full Stack Pleno,<https://vemserblue3.gupy.io/job/eyJqb2JJZCI6MTEyODU1NDAsInNvdXJjZSI6Imd1cHlfcG9ydGFsIn0=?jobBoardSource=gupy_portal>,browser_mcp,Ribeirão Preto,Brazil-friendly remote,brazil_friendly,Pleno,,,pleno
655,Razoavel,0,lemon.io,Product Manager,<https://himalayas.app/companies/lemon-io/jobs/product-manager>,himalayas,Remote,international fallback,international,Unspecified,typescript; platform,2026-05-02T09:26:18.000Z,management
656,Razoavel,0,Empresa não informada,WEG - Desenvolvedor Full Stack Para Sistemas De Controle,<https://www.infojobs.com.br/vaga-de-weg-desenvolvedor-full-stack-sistemas-controle-em-santa-catarina__11407375.aspx>,browser_mcp,"as-controle-em-santa-catarina__11407375.aspx"">",Brazil-friendly remote,brazil_friendly,Pleno,,,pleno
657,Razoavel,0,Empresa não informada,Analista De Qualidade Júnior,<https://www.infojobs.com.br/vaga-de-analista-qualidade-junior-em-sao-paulo__11600188.aspx>,browser_mcp,"-sao-paulo__11600188.aspx"">",Brazil-friendly remote,brazil_friendly,Junior,,,qa
658,Razoavel,0,Empresa não informada,WEG - Desenvolvedor (A) C++,<https://www.infojobs.com.br/vaga-de-weg-desenvolvedor-c-em-santa-catarina__11590377.aspx>,browser_mcp,"-santa-catarina__11590377.aspx"">",Brazil-friendly remote,brazil_friendly,Pleno,,,pleno
659,Razoavel,0,Empresa não informada,Senior Full Stack Developer (Python &amp; AI-Driven Development),<https://www.infojobs.com.br/vaga-de-senior-full-stack-developer-python-ai-driven-development-em-rio-grande-do-sul__11528226.aspx>,browser_mcp,"-rio-grande-do-sul__11528226.aspx"">",Brazil-friendly remote,brazil_friendly,Senior,python,,senior
660,Razoavel,0,Nova Engevix Engenharia,Analista de Qualidade,<https://www.vagas.com.br/vagas/v2814762/analista-de-qualidade>,browser_mcp,,Brazil-friendly remote,brazil_friendly,Unspecified,,,qa
661,Razoavel,0,TO Brasil Consultoria em Tecnologia da Informação,Desenvolvedor Dot Net Sênior,<https://www.vagas.com.br/vagas/v2805251/desenvolvedor-dot-net-senior>,browser_mcp,,Brazil-friendly remote,brazil_friendly,Senior,,,senior
662,Razoavel,0,VENHA SER #SANGUELARANJA 🧡🚀,Devops - SR,<https://fcamara.gupy.io/job/eyJqb2JJZCI6MTEyNjQ5MDEsInNvdXJjZSI6Imd1cHlfcG9ydGFsIn0=?jobBoardSource=gupy_portal>,browser_mcp,Santo André,Brazil-friendly remote,brazil_friendly,Senior,,,devops
663,Razoavel,0,Empresa não informada,Desenvolvedora Devops Backend Sênior,<https://www.infojobs.com.br/vaga-de-desenvolvedora-devops-backend-senior-em-__11619325.aspx>,browser_mcp,"-__11619325.aspx"">",Brazil-friendly remote,brazil_friendly,Senior,backend,,devops
664,Razoavel,0,Empresa não informada,Analista De Qualidade E Segurança Do Paciente,<https://www.infojobs.com.br/vaga-de-analista-qualidade-seguranca-do-paciente-em-espirito-santo__11600010.aspx>,browser_mcp,"-espirito-santo__11600010.aspx"">",Brazil-friendly remote,brazil_friendly,Unspecified,,,qa
665,Razoavel,0,Empresa não informada,Desenvolvedor Delphi,<https://www.infojobs.com.br/vaga-de-desenvolvedor-delphi-em-parana__11593127.aspx>,browser_mcp,"-parana__11593127.aspx"">",Brazil-friendly remote,brazil_friendly,Pleno,,,pleno
666,Razoavel,0,Empresa não informada,Analista De Qualidade (Metrologia),<https://www.infojobs.com.br/vaga-de-analista-qualidade-metrologia-em-minas-gerais__11586205.aspx>,browser_mcp,"-minas-gerais__11586205.aspx"">",Brazil-friendly remote,brazil_friendly,Unspecified,,,qa
667,Razoavel,0,Empresa não informada,Desenvolvedor PHP,<https://www.infojobs.com.br/vaga-de-desenvolvedor-php-em-sao-paulo__11549584.aspx>,browser_mcp,"-sao-paulo__11549584.aspx"">",Brazil-friendly remote,brazil_friendly,Pleno,,,pleno
668,Razoavel,0,Empresa não informada,Desenvolvedor Delphi - .NET,<https://www.infojobs.com.br/vaga-de-desenvolvedor-delphi-net-em-minas-gerais__11553630.aspx>,browser_mcp,"-minas-gerais__11553630.aspx"">",Brazil-friendly remote,brazil_friendly,Pleno,,,pleno
669,Razoavel,0,Empresa não informada,Analista De Qualidade De Software Jr.,<https://www.infojobs.com.br/vaga-de-analista-qualidade-software-jr-em-rio-grande-do-sul__11589518.aspx>,browser_mcp,"-rio-grande-do-sul__11589518.aspx"">",Brazil-friendly remote,brazil_friendly,Junior,,,qa
670,Razoavel,0,Empresa não informada,Analista De Testes/Qualidade,<https://www.infojobs.com.br/vaga-de-analista-testesqualidade-em-parana__11607590.aspx>,browser_mcp,"-parana__11607590.aspx"">",Brazil-friendly remote,brazil_friendly,Unspecified,,,qa
671,Razoavel,0,Kolbenschmidt Pistons,Analista de Qualidade de Clientes Sr.,<https://www.vagas.com.br/vagas/v2798944/analista-de-qualidade-de-clientes-sr>,browser_mcp,,Brazil-friendly remote,brazil_friendly,Senior,,,qa
672,Razoavel,0,Empresa não informada,ANALISTA DE QUALIDADE TÉCNICA,<https://www.infojobs.com.br/vaga-de-analista-qualidade-tecnica-em-goias__11588084.aspx>,browser_mcp,"-goias__11588084.aspx"">",Brazil-friendly remote,brazil_friendly,Unspecified,go,,qa
673,Razoavel,0,Empresa não informada,Desenvolvedor - Pleno,<https://www.infojobs.com.br/vaga-de-desenvolvedor-pleno-em-sao-paulo__11557986.aspx>,browser_mcp,"-sao-paulo__11557986.aspx"">",Brazil-friendly remote,brazil_friendly,Pleno,,,pleno
674,Razoavel,0,Empresa não informada,Desenvolvedor Martech - Full Stack,<https://www.infojobs.com.br/vaga-de-desenvolvedor-martech-full-stack-em-sao-paulo__11582599.aspx>,browser_mcp,"-sao-paulo__11582599.aspx"">",Brazil-friendly remote,brazil_friendly,Pleno,,,pleno
675,Razoavel,0,Empresa não informada,Desenvolvedor Full Stack (Foco Em Shopify) – Squad B2B,<https://www.infojobs.com.br/vaga-de-desenvolvedor-full-stack-foco-shopify-squad-b2b-em-sao-paulo__11525553.aspx>,browser_mcp,"-sao-paulo__11525553.aspx"">",Brazil-friendly remote,brazil_friendly,Pleno,,,pleno
676,Razoavel,0,Empresa não informada,Analista De Qualidade,<https://www.infojobs.com.br/vaga-de-analista-qualidade-em-sao-paulo__11526717.aspx>,browser_mcp,"-sao-paulo__11526717.aspx"">",Brazil-friendly remote,brazil_friendly,Unspecified,,,qa
677,Razoavel,0,Empresa não informada,Desenvolvedor Fullstack,<https://www.infojobs.com.br/vaga-de-desenvolvedor-fullstack-em-sao-paulo__11388145.aspx>,browser_mcp,"-sao-paulo__11388145.aspx"">",Brazil-friendly remote,brazil_friendly,Pleno,,,pleno
678,Razoavel,0,Empresa não informada,DESENVOLVEDOR DE SOFTWARE SÊNIOR,<https://www.infojobs.com.br/vaga-de-desenvolvedor-software-senior-em-parana__11607382.aspx>,browser_mcp,"-parana__11607382.aspx"">",Brazil-friendly remote,brazil_friendly,Senior,,,senior
679,Razoavel,0,Integrity Group,Analista de QA Pleno,<https://www.vagas.com.br/vagas/v2811330/analista-de-qa-pleno>,browser_mcp,,Brazil-friendly remote,brazil_friendly,Pleno,,,qa
680,Razoavel,0,Empresa não informada,Desenvolvedor(A).NET,<https://www.infojobs.com.br/vaga-de-desenvolvedoranet-em-__11623183.aspx>,browser_mcp,"-__11623183.aspx"">",Brazil-friendly remote,brazil_friendly,Pleno,,,pleno
681,Razoavel,0,Empresa não informada,Desenvolvedor(A) Fullstack Júnior,<https://www.infojobs.com.br/vaga-de-desenvolvedora-fullstack-junior-em-rio-grande-do-sul__11485943.aspx>,browser_mcp,"-rio-grande-do-sul__11485943.aspx"">",Brazil-friendly remote,brazil_friendly,Junior,,,junior
682,Razoavel,0,Empresa não informada,Desenvolvedor(A) De Software Jr.,<https://www.infojobs.com.br/vaga-de-desenvolvedora-software-jr-em-sao-paulo__11572117.aspx>,browser_mcp,"-sao-paulo__11572117.aspx"">",Brazil-friendly remote,brazil_friendly,Junior,,,junior
683,Razoavel,0,Empresa não informada,Analista De Qualidade Jr,<https://www.infojobs.com.br/vaga-de-analista-qualidade-jr-em-rio-grande-do-sul__11572872.aspx>,browser_mcp,"-rio-grande-do-sul__11572872.aspx"">",Brazil-friendly remote,brazil_friendly,Junior,,,qa
684,Razoavel,0,Empresa não informada,Engenheiro De Dados - Prompt E IA,<https://www.infojobs.com.br/vaga-de-engenheiro-dados-prompt-ia-em-sao-paulo__11623495.aspx>,browser_mcp,"-sao-paulo__11623495.aspx"">",Brazil-friendly remote,brazil_friendly,Pleno,,,pleno
685,Razoavel,0,Empresa não informada,DESENVOLVEDOR- VIA MONDO,<https://www.infojobs.com.br/vaga-de-desenvolvedor-via-mondo-em-minas-gerais__11605910.aspx>,browser_mcp,"-minas-gerais__11605910.aspx"">",Brazil-friendly remote,brazil_friendly,Pleno,,,pleno
686,Razoavel,0,Empresa não informada,Analista De Qualidade Junior,<https://www.infojobs.com.br/vaga-de-analista-qualidade-junior-em-sao-paulo__11372295.aspx>,browser_mcp,"-sao-paulo__11372295.aspx"">",Brazil-friendly remote,brazil_friendly,Junior,,,qa
687,Razoavel,0,Empresa não informada,Desenvolvedor .NET Sênior (10 Vagas),<https://www.infojobs.com.br/vaga-de-desenvolvedor-net-senior-10-vagas-em-sao-paulo__11429542.aspx>,browser_mcp,"-sao-paulo__11429542.aspx"">",Brazil-friendly remote,brazil_friendly,Senior,,,senior
688,Razoavel,0,Empresa não informada,Analista De Qualidade Pleno,<https://www.infojobs.com.br/vaga-de-analista-qualidade-pleno-em-minas-gerais__11589538.aspx>,browser_mcp,"-minas-gerais__11589538.aspx"">",Brazil-friendly remote,brazil_friendly,Pleno,,,qa
689,Razoavel,0,Empresa não informada,Analista De Qualidade,<https://www.infojobs.com.br/vaga-de-analista-qualidade-em-rio-grande-do-sul__11577754.aspx>,browser_mcp,"-rio-grande-do-sul__11577754.aspx"">",Brazil-friendly remote,brazil_friendly,Unspecified,,,qa
690,Razoavel,0,Empresa não informada,Desenvolvedor(A) Júnior – (Foco Em IA),<https://www.infojobs.com.br/vaga-de-desenvolvedora-junior-foco-ia-em-parana__11618370.aspx>,browser_mcp,"-parana__11618370.aspx"">",Brazil-friendly remote,brazil_friendly,Junior,,,junior
691,Razoavel,0,Empresa não informada,Especialista Em Devops / SRE,<https://www.infojobs.com.br/vaga-de-especialista-devops-sre-em-sao-paulo__11623673.aspx>,browser_mcp,"-sao-paulo__11623673.aspx"">",Brazil-friendly remote,brazil_friendly,Unspecified,,,devops
692,Razoavel,0,Empresa não informada,Desenvolvedor Full Stack,<https://www.infojobs.com.br/vaga-de-desenvolvedor-full-stack-em-pernambuco__11468567.aspx>,browser_mcp,"-pernambuco__11468567.aspx"">",Brazil-friendly remote,brazil_friendly,Pleno,,,pleno
693,Razoavel,0,Empresa não informada,Especialista Em Devops / SRE,<https://www.infojobs.com.br/vaga-de-especialista-devops-sre-em-sao-paulo__11623674.aspx>,browser_mcp,"-sao-paulo__11623674.aspx"">",Brazil-friendly remote,brazil_friendly,Unspecified,,,devops
694,Razoavel,0,Empresa não informada,Desenvolvedor C# (PL/SR),<https://www.infojobs.com.br/vaga-de-desenvolvedor-c-plsr-em-santa-catarina__11578536.aspx>,browser_mcp,"-santa-catarina__11578536.aspx"">",Brazil-friendly remote,brazil_friendly,Senior,,,senior
695,Razoavel,0,Empresa não informada,Analista De Qualidade Métrica I,<https://www.infojobs.com.br/vaga-de-analista-qualidade-metrica-i-em-sao-paulo__11586881.aspx>,browser_mcp,"-sao-paulo__11586881.aspx"">",Brazil-friendly remote,brazil_friendly,Unspecified,,,qa
696,Razoavel,0,Almaviva Solutions,11258249 | Analista Middleware DevOps Pleno,<https://almavivasolutions.gupy.io/job/eyJqb2JJZCI6MTEyNTgyNDksInNvdXJjZSI6Imd1cHlfcG9ydGFsIn0=?jobBoardSource=gupy_portal>,browser_mcp,Taboão da Serra,Brazil-friendly remote,brazil_friendly,Pleno,,,devops
697,Razoavel,0,TSA Tecnologia de Sistemas de Automação SA,Analista de Qualidade de Software (QA Engineer),<https://tsaengenharia.gupy.io/job/eyJqb2JJZCI6MTEyNTY1OTcsInNvdXJjZSI6Imd1cHlfcG9ydGFsIn0=?jobBoardSource=gupy_portal>,browser_mcp,Belo Horizonte,Brazil-based or Remote Brazil,brazil,Unspecified,,,qa
698,Razoavel,0,Empresa não informada,Analista De Qualidade II ( Indicadores),<https://www.infojobs.com.br/vaga-de-analista-qualidade-ii-indicadores-em-sao-paulo__11615035.aspx>,browser_mcp,"-sao-paulo__11615035.aspx"">",Brazil-friendly remote,brazil_friendly,Unspecified,,,qa
699,Razoavel,0,Empresa não informada,Especialista Em Devops / SRE,<https://www.infojobs.com.br/vaga-de-especialista-devops-sre-em-sao-paulo__11623676.aspx>,browser_mcp,"-sao-paulo__11623676.aspx"">",Brazil-friendly remote,brazil_friendly,Unspecified,,,devops
700,Razoavel,0,Empresa não informada,Desenvolvedor Dot. Net,<https://www.infojobs.com.br/vaga-de-desenvolvedor-dot-net-em-sao-paulo__11498666.aspx>,browser_mcp,"-sao-paulo__11498666.aspx"">",Brazil-friendly remote,brazil_friendly,Pleno,,,pleno
701,Razoavel,0,Empresa não informada,Analista De Testes / QA (Quality Assurance),<https://www.infojobs.com.br/vaga-de-analista-testes-qa-quality-assurance-em-__11502547.aspx>,browser_mcp,"-__11502547.aspx"">",Brazil-friendly remote,brazil_friendly,Unspecified,,,qa
702,Razoavel,0,Azevedo &amp; Travassos S/A,Analista de Sistemas Sênior (TOTVS Protheus),<https://www.vagas.com.br/vagas/v2798355/analista-de-sistemas-senior-totvs-protheus>,browser_mcp,,Brazil-friendly remote,brazil_friendly,Senior,,,senior
703,Razoavel,0,Empresa não informada,Engenheiro(A) De Sistemas/ Devops (Sênior),<https://www.infojobs.com.br/vaga-de-engenheiroa-sistemas-devops-senior-em-__11502295.aspx>,browser_mcp,"as-devops-senior-em-__11502295.aspx"">",Brazil-friendly remote,brazil_friendly,Senior,,,devops
704,Razoavel,0,Talent Spotter,QA Júnior,<https://www.vagas.com.br/vagas/v2800032/qa-junior>,browser_mcp,,Brazil-friendly remote,brazil_friendly,Junior,,,qa
705,Razoavel,0,Empresa não informada,DESENVOLVEDOR(A) DELPHI,<https://www.infojobs.com.br/vaga-de-desenvolvedora-delphi-em-parana__11601937.aspx>,browser_mcp,"-parana__11601937.aspx"">",Brazil-friendly remote,brazil_friendly,Pleno,,,pleno
706,Razoavel,0,Empresa não informada,Analista De Sistemas Júnior (Full Stack/Automação),<https://www.infojobs.com.br/vaga-de-analista-sistemas-junior-full-stackautomacao-em-sao-paulo__11367504.aspx>,browser_mcp,"as-junior-full-stackautomacao-em-sao-paulo__11367504.aspx"">",Brazil-friendly remote,brazil_friendly,Junior,,,junior
707,Razoavel,0,Mobi Plus,Desenvolvedor Fullstack Flutter/Android,<https://mobiplus.gupy.io/job/eyJqb2JJZCI6MTEyNjcxMzIsInNvdXJjZSI6Imd1cHlfcG9ydGFsIn0=?jobBoardSource=gupy_portal>,browser_mcp,Itajubá,Brazil-friendly remote,brazil_friendly,Pleno,,,pleno
708,Razoavel,0,Empresa não informada,Analista De Qualidade E Hospitalidade,<https://www.infojobs.com.br/vaga-de-analista-qualidade-hospitalidade-em-ceara__11571568.aspx>,browser_mcp,"-ceara__11571568.aspx"">",Brazil-friendly remote,brazil_friendly,Unspecified,,,qa
709,Razoavel,0,Empresa não informada,Analista De Qualidade - ABCDM,<https://www.infojobs.com.br/vaga-de-analista-qualidade-abcdm-em-sao-paulo__11582039.aspx>,browser_mcp,"-sao-paulo__11582039.aspx"">",Brazil-friendly remote,brazil_friendly,Unspecified,,,qa
710,Razoavel,0,Empresa não informada,ANALISTA DE QUALIDADE JÚNIOR,<https://www.infojobs.com.br/vaga-de-analista-qualidade-junior-em-sao-paulo__11601078.aspx>,browser_mcp,"-sao-paulo__11601078.aspx"">",Brazil-friendly remote,brazil_friendly,Junior,,,qa
711,Razoavel,0,Empresa não informada,Analista De Qualidade E Processos,<https://www.infojobs.com.br/vaga-de-analista-qualidade-processos-em-rio-janeiro__11564739.aspx>,browser_mcp,"-rio-janeiro__11564739.aspx"">",Brazil-friendly remote,brazil_friendly,Unspecified,,,qa
712,Razoavel,0,Empresa não informada,Analista De Infraestrutura TI PL,<https://www.infojobs.com.br/vaga-de-analista-infraestrutura-ti-pl-em-sao-paulo__11521686.aspx>,browser_mcp,"-sao-paulo__11521686.aspx"">",Brazil-friendly remote,brazil_friendly,Unspecified,,,devops
713,Razoavel,0,Empresa não informada,01481/2026 - Analista De Qualidade Educacional,<https://www.infojobs.com.br/vaga-de-014812026-analista-qualidade-educacional-em-santa-catarina__11610746.aspx>,browser_mcp,"-santa-catarina__11610746.aspx"">",Brazil-friendly remote,brazil_friendly,Unspecified,,,qa
714,Razoavel,0,Talent Group,11230 - Scrum Master,<https://www.vagas.com.br/vagas/v2812987/11230-scrum-master>,browser_mcp,100% Home Office,Brazil-friendly remote,brazil_friendly,Unspecified,scrum,,management
715,Razoavel,0,Empresa não informada,Engenheiro De Dados Sr,<https://www.infojobs.com.br/vaga-de-engenheiro-dados-sr-em-sao-paulo__11563880.aspx>,browser_mcp,"-sao-paulo__11563880.aspx"">",Brazil-friendly remote,brazil_friendly,Senior,,,senior
716,Razoavel,0,Empresa não informada,Analista De Qualidade Jr,<https://www.infojobs.com.br/vaga-de-analista-qualidade-jr-em-distrito-federal__11574868.aspx>,browser_mcp,"-distrito-federal__11574868.aspx"">",Brazil-friendly remote,brazil_friendly,Junior,,,qa
717,Razoavel,0,Empresa não informada,ANALISTA DE QUALIDADE PL,<https://www.infojobs.com.br/vaga-de-analista-qualidade-pl-em-sao-paulo__11594570.aspx>,browser_mcp,"-sao-paulo__11594570.aspx"">",Brazil-friendly remote,brazil_friendly,Unspecified,,,qa
718,Razoavel,0,Empresa não informada,Desenvolvedor(A) De Carteira De Clientes,<https://www.infojobs.com.br/vaga-de-desenvolvedora-carteira-clientes-em-sao-paulo__11602786.aspx>,browser_mcp,"-sao-paulo__11602786.aspx"">",Brazil-friendly remote,brazil_friendly,Pleno,,,pleno
719,Razoavel,0,NIO,Full Stack App Mobile Bot &amp; Backend Software Engineer Sr,<https://nio.gupy.io/job/eyJqb2JJZCI6MTEyMzQ1MjEsInNvdXJjZSI6Imd1cHlfcG9ydGFsIn0=?jobBoardSource=gupy_portal>,browser_mcp,Maceió,Brazil-friendly remote,brazil_friendly,Senior,backend,,senior
720,Razoavel,0,Empresa não informada,Analista De Qualidade,<https://www.infojobs.com.br/vaga-de-analista-qualidade-em-parana__11617471.aspx>,browser_mcp,"-parana__11617471.aspx"">",Brazil-friendly remote,brazil_friendly,Unspecified,,,qa
721,Razoavel,0,Empresa não informada,Desenvolvedor(A) Jr. Fullstack,<https://www.infojobs.com.br/vaga-de-desenvolvedora-jr-fullstack-em-rio-grande-do-sul__11607469.aspx>,browser_mcp,"-rio-grande-do-sul__11607469.aspx"">",Brazil-friendly remote,brazil_friendly,Junior,,,junior
722,Razoavel,0,Empresa não informada,# 1231 Devops Kubernetes &amp; Gitops - SRE | Especialista Em Infraestrutura,<https://www.infojobs.com.br/vaga-de--1231-devops-kubernetes-gitops-sre-especialista-infraestrutura-em-sao-paulo__11602616.aspx>,browser_mcp,"-sao-paulo__11602616.aspx"">",Brazil-friendly remote,brazil_friendly,Unspecified,kubernetes,,devops
723,Razoavel,0,Empresa não informada,Analista De Qualidade,<https://www.infojobs.com.br/vaga-de-analista-qualidade-em-goias__11503081.aspx>,browser_mcp,"-goias__11503081.aspx"">",Brazil-friendly remote,brazil_friendly,Unspecified,go,,qa
724,Razoavel,0,Globalweb,ANALISTA DE TESTES JR,<https://sejaglobalweb.gupy.io/job/eyJqb2JJZCI6MTEyMDAzOTQsInNvdXJjZSI6Imd1cHlfcG9ydGFsIn0=?jobBoardSource=gupy_portal>,browser_mcp,São Paulo,Brazil-based or Remote Brazil,brazil,Junior,,,qa
725,Razoavel,0,Empresa não informada,ANALISTA DE QUALITY ASSURANCE SR,<https://www.infojobs.com.br/vaga-de-analista-quality-assurance-sr-em-minas-gerais__11513538.aspx>,browser_mcp,"-minas-gerais__11513538.aspx"">",Brazil-friendly remote,brazil_friendly,Senior,,,qa
726,Razoavel,0,Empresa não informada,ANALISTA DE QUALIDADE (PRODUTO),<https://www.infojobs.com.br/vaga-de-analista-qualidade-produto-em-rio-grande-do-sul__11593376.aspx>,browser_mcp,"-rio-grande-do-sul__11593376.aspx"">",Brazil-friendly remote,brazil_friendly,Unspecified,,,qa
727,Razoavel,0,Empresa não informada,Desenvolvedor - Agentes De IA,<https://www.infojobs.com.br/vaga-de-desenvolvedor-agentes-ia-em-sao-paulo__11609505.aspx>,browser_mcp,"-sao-paulo__11609505.aspx"">",Brazil-friendly remote,brazil_friendly,Pleno,,,pleno
728,Razoavel,0,Empresa não informada,Desenvolvedor Full Stack,<https://www.infojobs.com.br/vaga-de-desenvolvedor-full-stack-em-rio-janeiro__11423849.aspx>,browser_mcp,"-rio-janeiro__11423849.aspx"">",Brazil-friendly remote,brazil_friendly,Pleno,,,pleno
729,Razoavel,0,Empresa não informada,Desenvolvedor - Sênior,<https://www.infojobs.com.br/vaga-de-desenvolvedor-senior-em-rio-grande-do-sul__11574003.aspx>,browser_mcp,"-rio-grande-do-sul__11574003.aspx"">",Brazil-friendly remote,brazil_friendly,Senior,,,senior
730,Razoavel,0,Empresa não informada,Desenvolvedor Fullstack Pleno,<https://www.infojobs.com.br/vaga-de-desenvolvedor-fullstack-pleno-em-minas-gerais__11359951.aspx>,browser_mcp,"-minas-gerais__11359951.aspx"">",Brazil-friendly remote,brazil_friendly,Pleno,,,pleno
731,Razoavel,0,Empresa não informada,ANALISTA DE QUALIDADE PL,<https://www.infojobs.com.br/vaga-de-analista-qualidade-pl-em-sao-paulo__11593922.aspx>,browser_mcp,"-sao-paulo__11593922.aspx"">",Brazil-friendly remote,brazil_friendly,Unspecified,,,qa
732,Razoavel,0,Empresa não informada,Analista De Qualidade - Com Certif. IATF 16949,<https://www.infojobs.com.br/vaga-de-analista-qualidade-certif-iatf-16949-em-sao-paulo__11612943.aspx>,browser_mcp,"-sao-paulo__11612943.aspx"">",Brazil-friendly remote,brazil_friendly,Unspecified,,,qa
733,Razoavel,0,Empresa não informada,"Analista De Qualidade (Processos) – Compliance, SGI E Auditoria","<https://www.infojobs.com.br/vaga-de-analista-qualidade-processos-compliance,-sgi-auditoria-em-sao-paulo__11580834.aspx>",browser_mcp,"-sao-paulo__11580834.aspx"">",Brazil-friendly remote,brazil_friendly,Unspecified,,,qa
734,Razoavel,0,Empresa não informada,NIDEC - Desenvolvedor De Ferramentas Inteligentes,<https://www.infojobs.com.br/vaga-de-nidec-desenvolvedor-ferramentas-inteligentes-em-santa-catarina__11595444.aspx>,browser_mcp,"-santa-catarina__11595444.aspx"">",Brazil-friendly remote,brazil_friendly,Pleno,,,pleno
735,Razoavel,0,Empresa não informada,Desenvolvedor(A) Full Stack SR,<https://www.infojobs.com.br/vaga-de-desenvolvedora-full-stack-sr-em-__11541808.aspx>,browser_mcp,"-__11541808.aspx"">",Brazil-friendly remote,brazil_friendly,Senior,,,senior